Necessidade a ser atendida;Transversal;Público alvo;Unidades organizacionais;UF;Enfoque do desenvolvimento;Competência associada;Quantidade prevista de servidores;Área temática – Sistema Estruturante do Poder Executivo Federal;Modalidade;Tipo de aprendizagem;Especificação do tipo de aprendizagem;Título;Carga horária individual prevista;Término previsto;Ação gratuita;Custo individual previsto;A necessidade pode ser atendida pela Escola de Governo do meu Órgão
"Trabalhar a importância dos aspectos profissionais vinculados à formulação, ao planejamento, à execução e ao controle das metas institucionais;";Não;Servidores que atuam na área de Gestão de Pesssoas;PROGEPE;PR;Aprimoramento Técnico, Comportamental, gerencial ou liderança;15, Orientação por resultados, Normativa/Legal;9;Documentação e Arquivo;A distância;Evento de Capacitação;Convenção;ENCONTRO NACIONAL DE DIRIGENTES DE PESSOAL E RECURSOS HUMANOS DAS INSTITUIÇÕES FEDERAIS DE ENSINO;32;2020;;420;Não
Trabalhar o conhecimento da função do Estado das especificidades do serviço público da missão do IFPR e da conduta do servidor público;Sim;Servidores IFPR;IFPR;PR;Educação Formal;Autocrítica, Orientação por resultados;300;Ouvidoria, Tecnologia da informação e comunicação;Presencial;Evento de Capacitação;Curso;Ética e Serviço Público;20;0;Sim;;Não
Trabalhar o conhecimento da função do Estado das especificidades do serviço público da missão do IFPR e da conduta do servidor público;Sim;Servidores do IFPR;IFPR GT -Pessoas PROGEPE;PR;Aprimoramento Técnico, Educação Formal;Relacionamento interpessoal, Representação Institucional, Normativa/Legal;300;Documentação e Arquivo;Presencial;Evento de Capacitação;Curso;Lei No 8.112/90 regime jurídico do servidor público federal;00:00;2020;;200;Sim
Trabalhar o conhecimento da função do Estado das especificidades do serviço público da missão do IFPR e da conduta do servidor público;Sim;Servidores do IFPR;IFPR;PR;Aprimoramento Técnico, Educação Formal;Autocrítica, Orientação por resultados;300;4, Ouvidoria;;Evento de Capacitação;;Redação Oficial;00:00;2020;;100;Sim
Trabalhar o conhecimento da função do Estado das especificidades do serviço público da missão do IFPR e da conduta do servidor público;Sim;Servidores do IFPR;IFPR;PR;Aprimoramento Técnico, Educação Formal;Autocrítica, Representação Institucional;300;4, Gestão, organização e inovação institucional , Ouvidoria;;Evento de Capacitação;Curso;Curso de Formação e documentação processual administrativa;00:00;2020;;100;Sim
Trabalhar o conhecimento da função do Estado das especificidades do serviço público da missão do IFPR e da conduta do servidor público;Sim;Servidores do IFPR;IFPR;PR;Comportamental, gerencial ou liderança, Educação Formal;Autocrítica, Orientação por resultados;300;Documentação e Arquivo, Ouvidoria;Presencial;Evento de Capacitação;Curso;EXCELENCIA NO ATENDIMENTO;00:00;2020;Sim;;Não
Trabalhar o conhecimento da função do Estado das especificidades do serviço público da missão do IFPR e da conduta do servidor público;Sim;SERVIDORES DO IFPR;IFPR;PR;Aprimoramento Técnico, Educação Formal;Representação Institucional, Normativa/Legal;300;Correição;Presencial;Evento de Capacitação;;INTRODUÇÃO AO ORÇAMENTO PÚBLICO;00:00;2020;Sim;;Não
Melhorar o desempenho de atividades vinculadas ao ambiente organizacional em que atua e ao cargo que ocupa;Sim;Servidores atuantes na área de Compras;"PROAD; SEÇÃO DE COMPRAS";PR;Aprimoramento Técnico;Delegação, Relacionamento interpessoal;100;Correição, Controle Interno;Presencial;Evento de Capacitação;Curso;Formação de pregoeiros e equipe de apoio;20;2020;Sim;;Não
Melhorar o desempenho de atividades vinculadas ao ambiente organizacional em que atua e ao cargo que ocupa;Sim;Servidores do IFPR;IFPR;PR;Aprimoramento Técnico, Educação Formal;Relacionamento interpessoal, Representação Institucional;150;Correição, Comunicação;A distância, Presencial;Evento de Capacitação;Curso;Noções Introdutórias de Licitação e Contratos Administrativos;30;2020;Sim;;Sim
Melhorar o desempenho de atividades vinculadas ao ambiente organizacional em que atua e ao cargo que ocupa;Sim;Gestores e Fiscais de Contrato;IFPR;PR;Aprimoramento Técnico;Delegação, Representação Institucional;150;Administração financeira, Gestão, organização e inovação institucional ;A distância, Presencial;Evento de Capacitação;Curso;Gestão e Fiscalização de Contratos Administrativos;40;2020;Sim;;Sim
Melhorar o desempenho de atividades vinculadas ao ambiente organizacional em que atua e ao cargo que ocupa;Sim;Servidores do IFPR;IFPR;PR;Aprimoramento Técnico, Comportamental, gerencial ou liderança, Educação Formal;Delegação, Relacionamento interpessoal, Representação Institucional, Normativa/Legal;150;Correição, Controle Interno, Custos;A distância, Presencial;Evento de Capacitação;Curso;Fases da Despesa Pública - Empenho, Liquidação e Pagamento;00:00;2020;;100;Sim
Melhorar o desempenho de atividades vinculadas ao ambiente organizacional em que atua e ao cargo que ocupa;Sim;Servidores que atuam na construção e elaboração de termos de referencia;IFPR;PR;Aprimoramento Técnico, Educação Formal;Delegação, Relacionamento interpessoal, Saúde e segurança do trabalho;150;Correição, Comunicação;A distância, Presencial;Evento de Capacitação;Curso;IN 05 - Elaboração da Planilha de Custos e Formação de Preços;24;2020;;350;Sim
Trabalhar a importância dos aspectos profissionais vinculados à formulação ao planejamento à execução e ao controle das metas institucionais;Sim;Servidores do IFPR;IFPR;PR;Aprimoramento Técnico, Educação Formal;Delegação, Gestão de conflitos, Relacionamento interpessoal;200;Correição, Gestão, organização e inovação institucional ;A distância, Presencial;Evento de Capacitação;Curso;Planejamento Estratégico para Organizações Públicas;40;2020;Sim;;Sim
Trabalhar a importância dos aspectos profissionais vinculados à formulação ao planejamento à execução e ao controle das metas institucionais;Sim;Servidores do IFPR;IFPR;PR;Aprimoramento Técnico, Educação Formal;Delegação, Relacionamento interpessoal;250;Administração financeira, Correição;A distância, Presencial;Evento de Capacitação;Curso;Introdução à Gestão de Processos;20;2020;Sim;;Não
Trabalhar a importância dos aspectos profissionais vinculados à formulação ao planejamento à execução e ao controle das metas institucionais;Sim;servidores do IFPR;IFPR;PR;Aprimoramento Técnico;Gestão de conflitos, Relacionamento interpessoal;250;Correição, Comunicação, Controle Interno, Gestão, organização e inovação institucional ;A distância, Presencial;Evento de Capacitação;Curso;GESTÃO DE RISCOS NO SETOR PÚBLICO;20;2020;Sim;;Não
Melhorar o desempenho de atividades vinculadas ao ambiente organizacional em que atua e ao cargo que ocupa;Não;Agentes Patrimoniais;Patrimônio;PR;Aprimoramento Técnico;Relacionamento interpessoal;80;Administração financeira, Gestão, organização e inovação institucional ;A distância, Semipresencial;Evento de Capacitação;Curso;Gestão de Materiais e Patrimônio;40;2020;;150;Sim
Melhorar o desempenho de atividades vinculadas ao ambiente organizacional em que atua e ao cargo que ocupa;Sim;Gestores e Fiscais de Obra;IFPR;PR;Aprimoramento Técnico;Relacionamento interpessoal;60;Administração financeira, Gestão, organização e inovação institucional ;A distância, Presencial;Evento de Capacitação;Curso;Gestão e Fiscalização de Obras e Serviços de Engenharia;40;2020;;200;Sim
Melhorar o desempenho de atividades vinculadas ao ambiente organizacional em que atua e ao cargo que ocupa;Sim;Atuantes nas áreas de compras e Licitação;IFPR;PR;Aprimoramento Técnico;Relacionamento interpessoal;30;Administração financeira, Comunicação;A distância;Evento de Capacitação;Curso;Licitação de Obras e Serviços de Engenharia;40;2020;;100;Sim
Melhorar o desempenho de atividades vinculadas ao ambiente organizacional em que atua e ao cargo que ocupa;Sim;TIC Compras;IFPR;PR;Aprimoramento Técnico;Delegação, Relacionamento interpessoal, Representação Institucional;100;Administração financeira, Comunicação, Ética;A distância, Presencial;Evento de Capacitação;Curso;Contratação de Soluções de Tecnologia da Informação;40;2020;;100;Sim
Melhorar o desempenho de atividades vinculadas ao ambiente organizacional em que atua e ao cargo que ocupa;Sim;Servidores que atuam com o Sistema de SCDP;IFPR;PR;Aprimoramento Técnico;Delegação, Relacionamento interpessoal, Representação Institucional, Técnica/Específica do cargo;60;Administração financeira;A distância, Presencial;Evento de Capacitação;Curso;REGRAS E FUNDAMENTOS DO SISTEMA DE CONCESSÃO DE DIÁRIAS E PASSAGENS (SCDP);30;2020;Sim;;Não
Melhorar o desempenho de atividades vinculadas ao ambiente organizacional em que atua e ao cargo que ocupa;Sim;Servidores que atuam com os sistema SIAFI;IFPR;PR;Aprimoramento Técnico;Delegação, Relacionamento interpessoal, Técnica/Específica do cargo;80;Controle Interno, Custos;A distância;Evento de Capacitação;Curso;SIAFI Operacional - Sistema Integrado de Administração Financeira;00:00;2020;Sim;;Não
Melhorar o desempenho de atividades vinculadas ao ambiente organizacional em que atua e ao cargo que ocupa;Sim;Servidores que utilizam o Sistema SICONV;IFPR;PR;Aprimoramento Técnico;Relacionamento interpessoal, Técnica/Específica do cargo;50;Correição, Gestão, organização e inovação institucional ;Presencial;Evento de Capacitação;Curso;Siconv;00:00;2020;Sim;;Não
Trabalhar o servidor para o desenvolvimento de atividades relacionadas e Nos sistemas e aplicativos usados no IFPR (SEI);Sim;Servidores do IFPR;IFPR;PR;Aprimoramento Técnico, Educação Formal;Técnica/Específica do cargo;500;Ética;A distância, Presencial;Evento de Capacitação;Curso;Funcionalidades do SEI;00:00;2020;Sim;;Não
Trabalhar o servidor para o desenvolvimento de atividades relacionadas ao sistemas e aplicativos do IFPR;Sim;TIC;TIC e DTIC;PR;Aprimoramento Técnico;Relacionamento interpessoal, Técnica/Específica do cargo;200;Ética;A distância, Presencial;Evento de Capacitação;Curso;Segurança de redes e sistemas;00:00;2020;;100;Não
Trabalhar o servidor para o desenvolvimento de atividades relacionadas ao sistemas e aplicativos usados no IFPR;Sim;Servidores que atuam com o Sistema SIAPE;PROGEPE GT- Pessoas;PR;Aprimoramento Técnico;Relacionamento interpessoal, Técnica/Específica do cargo;80;Gestão, organização e inovação institucional ;Presencial;Evento de Capacitação;Curso;SIAPE Cadastro e Folha;00:00;2020;Sim;;Não
Trabalhar o servidor para o desenvolvimento de atividades relacionadas aos sistemas e aplicativos usados no IFPR;Sim;Servidores que trabalham com o Sistema de Tesouro Gerencial;IFPR;PR;Aprimoramento Técnico;Relacionamento interpessoal, Técnica/Específica do cargo;50;Controle Interno;A distância, Presencial;Evento de Capacitação;Curso;Tesouro Gerencial;00:00;2020;Sim;;Não
Trabalhar o servidor para o desenvolvimento de atividades relacionadas aos sistemas e aplicativos usados no IFPR (Libre Office);Sim;Servidores do IFPR;IFPR;PR;Aprimoramento Técnico, Educação Formal;Técnica/Específica do cargo;350;Ética;A distância, Presencial;Evento de Capacitação;Curso;LibreOffice;00:00;2020;Sim;;Não
Trabalhar o servidor para o desenvolvimento de atividades relacionadas aos sistemas e aplicativos usados no IFPR. (Sistema SIG);Sim;Servidores IFPR;IFPR;PR;Aprimoramento Técnico, Educação Formal;Técnica/Específica do cargo;300;Administração financeira, Comunicação, Ética;A distância, Presencial;Evento de Capacitação;Curso;;00:00;2020;Sim;;Sim
Aumentar a qualificação profissional do servidores para melhor desenvolvimento de projetos e ações em parceria com a comunidade;Não;Professores;IFPR;PR;Aprimoramento Técnico, Educação Formal;Processo decisório;500;Transparência e controle social;A distância, Presencial;Evento de Capacitação;Curso;Política de Permanência Estudantil;00:00;2020;Sim;;Sim
Aumentar a qualificação profissional do servidores para melhor desenvolvimento de projetos e ações em parceria com a comunidade.;Sim;Professores e atuantes no Núcleo de Apoio a Pessoas com Necessidades Específicas – NAPNE;IFPR NAPNE;PR;Aprimoramento Técnico, Educação Formal;Aplicativos e sistemas, Comunicação eficaz, Orientação por resultados, Representação Institucional;150;Administração financeira, Planejamento e orçamento;A distância, Presencial;Evento de Capacitação;;Educação Inclusiva e Acessibilidade;00:00;0;Sim;;Sim
Oportunizar diálogos e debates entre os docentes visando oportunizar espaços de compartilhamentos de experiências;Sim;Professores , Pedagogos e Técnicos em Educação;IFPR;PR;Aprimoramento Técnico, Educação Formal;Processo decisório, Relacionamento interpessoal;500;Transparência e controle social;A distância, Presencial;Evento de Capacitação;;Tendências pedagógicas e educacionais;00:00;2020;Sim;;Sim
Promover e assegurar a formação continuada dos docentes e técnicos administrativos em educação em se tratando de língua, fluência e pesquisas.;Sim;Servidores do IFPR;CELIF;PR;Aprimoramento Técnico;Aplicativos e sistemas, Autocrítica, Orientação por resultados;300;Ouvidoria, Transparência e controle social;A distância, Presencial;Evento de Capacitação;Curso;Língua Espanhola;00:00;2022;Sim;;Sim
Promover e assegurar a formação continuada dos docentes e técnicos administrativos em educação em se tratando de língua, fluência e pesquisas.;Sim;SERVIDORES DO IFPR;CELIF IFPR;PR;Aprimoramento Técnico;Autocrítica, Condução de mudanças, Orientação por resultados;300;Ouvidoria, Transparência e controle social;A distância, Presencial, Semipresencial;Evento de Capacitação;Curso;Língua Inglesa;00:00;2022;Sim;;Sim
Promover e assegurar a formação continuada dos docentes e técnicos administrativos em educação em se tratando de língua, fluência e pesquisas.;Sim;SERVIDORES IFPR;CELIF;PR;Aprimoramento Técnico, Educação Formal;Autocrítica, Processo decisório;300;Ouvidoria;A distância, Presencial, Semipresencial;Evento de Capacitação;Curso;LIBRAS - Língua Brasileira de Sinais;00:00;0;Sim;;Sim
Preparar pessoas para atuarem em situações emergenciais, operando equipamentos de combate a incêndios, auxiliando no plano de abandono.;Sim;SERVIDORES DO IFPR;IFPR;PR;Aprimoramento Técnico, Comportamental, gerencial ou liderança;Delegação, Relacionamento interpessoal;600;Serviços gerais (logística);A distância;Evento de Capacitação;Curso;FORMAÇÃO DA BRIGADA DE INCÊNDIO;00:00;2020;;100;Não
Preparar os servidores para agir da forma correta em situações de emergência dentro do ambiente de trabalho. (Equipe de Primeiros Socorros);Sim;Servidores IFPR;IFPR;PR;Aprimoramento Técnico, Educação Formal;Articulação, Visão sistêmica;300;Serviços gerais (logística);A distância;Evento de Capacitação;Curso;Treinamento de Primeiros Socorros;00:00;2020;;100;Sim
Ampliar a conscientização sobre segurança e saúde no trabalho.;Sim;Servidores IFPR;IFPR;PR;Comportamental, gerencial ou liderança, Educação Formal;Visão sistêmica;500;Serviços gerais (logística);A distância, Presencial;Evento de Capacitação;Curso;Saúde Ocupacional e no Trabalho;00:00;2020;Sim;;Sim
Trabalhar o conhecimento da função do Estado das especificidades do serviço público da missão do IFPR e da conduta do servidor público;Sim;Servidores IFPR;IFPR;PR;Educação Formal;Representação Institucional;300;Documentação e Arquivo;A distância, Presencial;Evento de Capacitação;Curso;Autorresponsabilidade do Servidor Público;00:00;2020;Sim;;Sim
Preparação do servidor para o desenvolvimento da atividade de gestão;Sim;Gestores;IFPR;PR;Comportamental, gerencial ou liderança;Flexibilidade;150;Administração financeira;A distância, Presencial;Evento de Capacitação;Curso;Gestão de Conflitos;00:00;2020;Sim;;Sim
Preparação do servidor para o desenvolvimento da atividade de gestão;Sim;GESTORES;IFPR;PR;Comportamental, gerencial ou liderança;Aplicativos e sistemas, Articulação, Autocontrole, Flexibilidade;300;Administração financeira;A distância, Presencial;Evento de Capacitação;Curso;Liderança e Gestão de Pessoas;00:00;2020;Sim;;Sim
Preparação do servidor para o desenvolvimento da atividade de gestão;Sim;Gestores e Servidores do IFPR;IFPR;PR;Aprimoramento Técnico;Delegação, Ensino, pesquisa e/ou extensão, Negociação;150;Administração financeira, Documentação e Arquivo;A distância, Presencial;Evento de Capacitação;Curso;Relacionamento Interpessoal e Trabalho em Equipe;00:00;2020;Sim;;Sim
Viabilizar soluções em tecnologia da informação e comunicação que contribuam para o desenvolvimento institucional e da comunidade acadêmica;Sim;Equipe DTIC e TIC;IFPR;PR;Aprimoramento Técnico;Relacionamento interpessoal, Técnica/Específica do cargo;50;Ética;A distância, Presencial, Semipresencial;Evento de Capacitação;Curso;Métricas do Software (APF);00:00;2020;;300;Não
Viabilizar soluções em tecnologia da informação e comunicação que contribuam para o desenvolvimento institucional e da comunidade acadêmica;Não;Servidores que atuam na DTIC e TIC;IFPR;PR;Aprimoramento Técnico;Relacionamento interpessoal, Técnica/Específica do cargo;50;Ética;;Evento de Capacitação;Curso;Engenharia de requisitos;00:00;2020;;100;Não
Viabilizar soluções em tecnologia da informação e comunicação que contribuam para o desenvolvimento institucional e da comunidade acadêmica;Não;Servidores que atuam na DTIC e TIC;DTIC IFPR;PR;Aprimoramento Técnico;Relacionamento interpessoal, Técnica/Específica do cargo;50;Ética;A distância, Presencial, Semipresencial;Evento de Capacitação;Curso;Análise de negócio.;00:00;0;;100;Não
Viabilizar soluções em tecnologia da informação e comunicação que contribuam para o desenvolvimento institucional e da comunidade acadêmica;Não;Servidores que atuam na DTIC e TIC;DTIC;PR;Aprimoramento Técnico;Relacionamento interpessoal, Técnica/Específica do cargo;50;Ética;A distância, Presencial, Semipresencial;Evento de Capacitação;Curso;Linguagem de Modelagem Unificada;00:00;2020;;100;Não
Viabilizar soluções em tecnologia da informação e comunicação que contribuam para o desenvolvimento institucional e da comunidade acadêmica;Não;Servidores que atuam na DTIC e TIC;DTIC;PR;Aprimoramento Técnico;Relacionamento interpessoal, Técnica/Específica do cargo;50;Ética;A distância, Presencial;Evento de Capacitação;Curso;Versionador Git;00:00;2020;;100;Não
Viabilizar soluções em tecnologia da informação e comunicação que contribuam para o desenvolvimento institucional e da comunidade acadêmica;Não;Servidores que atuam na DTIC e TIC;DTIC;PR;Aprimoramento Técnico;Relacionamento interpessoal, Técnica/Específica do cargo;50;Ética;A distância, Presencial, Semipresencial;Evento de Capacitação;Curso;Modelagem de Banco de Dados Desenvolvimento de Sistemas;00:00;2020;;100;Não
Viabilizar soluções em tecnologia da informação e comunicação que contribuam para o desenvolvimento institucional e da comunidade acadêmica;Não;Servidores que atuam na DTIC e TIC;IFPR;PR;Aprimoramento Técnico;Relacionamento interpessoal, Técnica/Específica do cargo;50;Ética;A distância, Presencial, Semipresencial;Evento de Capacitação;Curso;Padronização de desenvolvimento (coding standards, coding conventions);00:00;2020;;100;Não
Viabilizar soluções em tecnologia da informação e comunicação que contribuam para o desenvolvimento institucional e da comunidade acadêmica;Não;Servidores que atuam na DTIC e TIC;DTIC;PR;Aprimoramento Técnico;Relacionamento interpessoal, Técnica/Específica do cargo;50;Ética;A distância, Presencial, Semipresencial;Evento de Capacitação;Curso;PHP: Framework Laravel;00:00;2020;;100;Não
Viabilizar soluções em tecnologia da informação e comunicação que contribuam para o desenvolvimento institucional e da comunidade acadêmica;Não;Servidores que atuam na DTIC e TIC;DTIC;PR;Aprimoramento Técnico;Relacionamento interpessoal, Técnica/Específica do cargo;50;Ética;A distância, Presencial, Semipresencial;Evento de Capacitação;Curso;Metodologias Ágeis de Desenvolvimento (SCRUM, XP, etc...);00:00;2020;;100;Não
Viabilizar soluções em tecnologia da informação e comunicação que contribuam para o desenvolvimento institucional e da comunidade acadêmica;Não;Servidores que atuam na DTIC e TIC;DTIC;PR;Aprimoramento Técnico;Relacionamento interpessoal, Técnica/Específica do cargo;50;Ética;A distância, Presencial, Semipresencial;Evento de Capacitação;Curso;Imersão em testes;00:00;2020;;100;Não
Viabilizar soluções em tecnologia da informação e comunicação que contribuam para o desenvolvimento institucional e da comunidade acadêmica;Não;Servidores que atuam na DTIC e TIC;DTIC;PR;Aprimoramento Técnico;Relacionamento interpessoal, Técnica/Específica do cargo;50;Ética;A distância, Presencial;Evento de Capacitação;Curso;Teste de Invasão de Aplicações Web Segurança (ESR/RNP);00:00;2020;;100;Não
Viabilizar soluções em tecnologia da informação e comunicação que contribuam para o desenvolvimento institucional e da comunidade acadêmica;Não;Servidores que atuam na DTIC e TIC;DTIC;PR;Aprimoramento Técnico;Relacionamento interpessoal, Técnica/Específica do cargo;50;Ética;A distância, Presencial, Semipresencial;Evento de Capacitação;Curso;Devops;00:00;2020;;100;Não
Viabilizar soluções em tecnologia da informação e comunicação que contribuam para o desenvolvimento institucional e da comunidade acadêmica;Não;Servidores que atuam na DTIC e TIC;DTIC;PR;Aprimoramento Técnico;Relacionamento interpessoal, Técnica/Específica do cargo;50;Ética;A distância, Presencial, Semipresencial;Evento de Capacitação;Curso;Prototipação;00:00;2020;;100;Não
Viabilizar soluções em tecnologia da informação e comunicação que contribuam para o desenvolvimento institucional e da comunidade acadêmica;Não;Servidores que atuam na DTIC e TIC;IFPR;PR;Aprimoramento Técnico;Relacionamento interpessoal, Técnica/Específica do cargo;50;Ética;A distância, Presencial, Semipresencial;Evento de Capacitação;Curso;OpenLDAP;00:00;2020;;100;Não
Viabilizar soluções em tecnologia da informação e comunicação que contribuam para o desenvolvimento institucional e da comunidade acadêmica;Não;Servidores que atuam na DTIC e TIC;DTIC;PR;Aprimoramento Técnico;Relacionamento interpessoal, Técnica/Específica do cargo;50;Ética;A distância, Presencial, Semipresencial;Evento de Capacitação;Curso;VMware;00:00;2020;;100;Não
Viabilizar soluções em tecnologia da informação e comunicação que contribuam para o desenvolvimento institucional e da comunidade acadêmica;Não;Servidores que atuam na DTIC e TIC;DTIC;PR;Aprimoramento Técnico;Relacionamento interpessoal, Técnica/Específica do cargo;50;Ética;A distância, Presencial, Semipresencial;Evento de Capacitação;Curso;Firewall Palo Alto;00:00;2020;;100;Não
Viabilizar soluções em tecnologia da informação e comunicação que contribuam para o desenvolvimento institucional e da comunidade acadêmica;Não;Servidores que atuam na DTIC e TIC;DTIC;PR;Aprimoramento Técnico;Relacionamento interpessoal, Técnica/Específica do cargo;50;Ética;A distância, Presencial, Semipresencial;Evento de Capacitação;Curso;OpenStack;00:00;2020;;100;Não
Viabilizar soluções em tecnologia da informação e comunicação que contribuam para o desenvolvimento institucional e da comunidade acadêmica;Não;Servidores que atuam na DTIC e TIC;DTIC;PR;Aprimoramento Técnico;Relacionamento interpessoal, Técnica/Específica do cargo;50;Ética;A distância, Presencial, Semipresencial;Evento de Capacitação;Curso;ITIL V3;00:00;2020;;100;Não
Viabilizar soluções em tecnologia da informação e comunicação que contribuam para o desenvolvimento institucional e da comunidade acadêmica;Não;Servidores que atuam na DTIC e TIC;DTIC;PR;Aprimoramento Técnico;Relacionamento interpessoal, Representação Institucional;50;Ética;A distância, Presencial, Semipresencial;Evento de Capacitação;Curso;Práticas e ferramentas de monitoramento de eventos em infraestrutura (zabbix);00:00;2020;;100;Não
Viabilizar soluções em tecnologia da informação e comunicação que contribuam para o desenvolvimento institucional e da comunidade acadêmica;Não;Servidores que atuam na DTIC e TIC;DTIC;PR;Aprimoramento Técnico;Relacionamento interpessoal, Técnica/Específica do cargo;50;Ética;A distância, Presencial, Semipresencial;Evento de Capacitação;Curso;Sistemas de Backup;00:00;2020;;100;Não
Viabilizar soluções em tecnologia da informação e comunicação que contribuam para o desenvolvimento institucional e da comunidade acadêmica;Não;Servidores que atuam na DTIC e TIC;IFPR;PR;Aprimoramento Técnico;Relacionamento interpessoal, Técnica/Específica do cargo;50;Ética;A distância, Presencial, Semipresencial;Evento de Capacitação;Curso;Curso de analise de logs com KIBANA;00:00;2020;;100;Não
Viabilizar soluções em tecnologia da informação e comunicação que contribuam para o desenvolvimento institucional e da comunidade acadêmica;Não;Servidores que atuam na DTIC e TIC;IFPR;PR;Aprimoramento Técnico;Relacionamento interpessoal;50;Ética;A distância, Presencial, Semipresencial;Evento de Capacitação;Curso;Red Hat Certified System Administrator (RHCSA);00:00;2020;;100;Não
Viabilizar soluções em tecnologia da informação e comunicação que contribuam para o desenvolvimento institucional e da comunidade acadêmica;Não;Servidores que atuam na DTIC e TIC;IFPR;PR;Aprimoramento Técnico;Relacionamento interpessoal, Técnica/Específica do cargo;50;Ética;A distância, Presencial, Semipresencial;Evento de Capacitação;Curso;Segurança, backup e recuperação para ambientes de redes e de hosts;00:00;2020;;100;Não
Viabilizar soluções em tecnologia da informação e comunicação que contribuam para o desenvolvimento institucional e da comunidade acadêmica;Não;Servidores que atuam na DTIC e TIC;IFPR;PR;Aprimoramento Técnico;Relacionamento interpessoal, Técnica/Específica do cargo;50;Ética;A distância, Presencial, Semipresencial;Evento de Capacitação;Curso;Segurança de TI;00:00;2020;;100;Não
Viabilizar soluções em tecnologia da informação e comunicação que contribuam para o desenvolvimento institucional e da comunidade acadêmica;Não;Servidores que atuam na DTIC e TIC;IFPR;PR;Aprimoramento Técnico;Relacionamento interpessoal, Técnica/Específica do cargo;50;Ética;A distância, Presencial, Semipresencial;Evento de Capacitação;Curso;Programação segura;00:00;2020;;100;Não
Promover e assegurar a formação continuada dos docentes e técnicos administrativos em educação.;Sim;DOCENTES E TAE;IFPR;PR;Aprimoramento Técnico;Processo decisório, Relacionamento interpessoal;300;Transparência e controle social;A distância, Presencial, Semipresencial;Evento de Capacitação;Curso;Metodologias Ativas;00:00;2020;;100;Sim
Oportunizar diálogos e debates, entre os docentes, visando oportunizar espaços de compartilhamentos de experiências.;Sim;DOCENTES, TAES que trabalham com EAD;EAD PROENS PROEPPI CAMPUS;PR;Aprimoramento Técnico;Delegação, Gestão de conflitos, Orientação por resultados, Processo decisório;100;Transparência e controle social;A distância;Evento de Capacitação;Seminário;Seminário sobre Educação a Distância;00:00;2020;;100;Não
Promover e assegurar a formação continuada dos docentes e técnicos administrativos em educação.;Não;Servidores da DsEAD;DsEAD;PR;Aprimoramento Técnico;Orientação por resultados, Relacionamento interpessoal;4;Administração financeira, Transparência e controle social;A distância;Evento de Capacitação;Congresso;ABED e SEMEAD;00:00;2020;;0;Não
Promover e assegurar a formação continuada dos docentes e técnicos administrativos em educação;Não;Atuantes na área de Educação a Distância;DsEAD;PR;Aprimoramento Técnico;Condução de mudanças, Delegação, Processo decisório, Relacionamento interpessoal;60;Administração financeira;Semipresencial;Evento de Capacitação;Conferência, Seminário;;00:00;2020;;0;Sim
"Aumentar a integração no ambiente institucional;";Sim;Servidores IFPR;IFPR;PR;Comportamental, gerencial ou liderança;Ensino, pesquisa e/ou extensão, Flexibilidade, Negociação;300;Documentação e Arquivo;A distância, Presencial;Evento de Capacitação;Curso;Inteligência Emocional;00:00;2020;;0;Sim
Melhorar o desempenho de atividades vinculadas ao ambiente organizacional em que atua e ao cargo que ocupa.;Sim;Servidores IFPR;IFPR;PR;Aprimoramento Técnico, Educação Formal;Relacionamento interpessoal;50;Correição;A distância, Presencial;Evento de Capacitação;Curso;Cerimonial Público e Organização de Eventos Governamentais;00:00;2020;;0;Sim
Melhorar o desempenho de atividades vinculadas ao ambiente organizacional em que atua e ao cargo que ocupa.;Não;Servidores do IFPR;IFPR;PR;Aprimoramento Técnico;Relacionamento interpessoal;50;Transparência e controle social;A distância, Presencial;Evento de Capacitação;Curso;Formação de gestor cultural;00:00;2020;;0;Sim
Trabalhar o servidor para o desenvolvimento de atividades relacionadas e desenvolvidas em mais de um ambiente organizacional;Não;Gestores e fiscais de convênios;IFPR;PR;Aprimoramento Técnico;Relacionamento interpessoal, Representação Institucional;100;Administração financeira;Semipresencial;Evento de Capacitação;Curso;Gestão de Convênios e Fundações;00:00;2020;;0;Sim
Preparação do servidor para o desenvolvimento da atividade de gestão.;Sim;Gestores;IFPR;PR;Comportamental, gerencial ou liderança;Autocrítica, Comunicação eficaz, Ensino, pesquisa e/ou extensão, Negociação;150;Documentação e Arquivo;A distância, Presencial, Semipresencial;Evento de Capacitação;Curso;Gestão por competências;00:00;2020;;0;Sim
Promover e assegurar a formação continuada dos docentes e técnicos administrativos em educação.;Não;Servidores que atuam Núcleo de Inovação Tecnológica;NIT;PR;Aprimoramento Técnico;15, Processo decisório, Relacionamento interpessoal;100;Administração financeira;A distância, Presencial;Evento de Capacitação;Curso;Gestão de projetos tecnológicos e de inovação: foco em resultado.;00:00;2020;;0;Não
Promover e assegurar a formação continuada dos docentes e técnicos administrativos em educação.;Não;Servidores IFPR que atuam junto a AGIF/IFPR;AGIF;PR;Aprimoramento Técnico;Aplicativos e sistemas, Comunicação eficaz, Engajamento (inspirar pessoas), Processo decisório;20;Administração financeira;A distância, Presencial, Semipresencial;Evento de Capacitação;Curso;Métodos, processos e estratégias de gestão da inovação.;00:00;2020;;0;Não
Promover e assegurar a formação continuada dos docentes e técnicos administrativos em educação.;Não;Servidores IFPR que atuam junto a AGIF/IFPR;AGIF/IFPR;PR;Aprimoramento Técnico;Aplicativos e sistemas, Comunicação eficaz, Delegação, Engajamento (inspirar pessoas), 15, Processo decisório;50;Administração financeira;A distância, Presencial, Semipresencial;Evento de Capacitação;Curso;Estratégias para inovação: Criatividade e inovação;00:00;2020;;0;Não
Promover e assegurar a formação continuada dos docentes e técnicos administrativos em educação.;Não;Servidores IFPR que atuam junto a AGIF/IFPR;AGIF/IFPR;PR;Aprimoramento Técnico;Gestão de conflitos, Orientação por resultados, Relacionamento interpessoal;25;Administração financeira;A distância, Presencial;Evento de Capacitação;Curso;Criação e avaliação de Indicadores da inovação.;00:00;2020;;0;Não
Promover e assegurar a formação continuada dos docentes e técnicos administrativos em educação.;Não;Servidores IFPR que atuam junto a AGIF/IFPR;AGIF/IFPR;PR;Aprimoramento Técnico;Gestão de conflitos, Relacionamento interpessoal;10;Administração financeira;A distância, Presencial, Semipresencial;Evento de Capacitação;Curso;Gestão de projetos tecnológicos e de inovação: foco em resultado.;00:00;2020;;0;Não
Promover e assegurar a formação continuada dos docentes e técnicos administrativos em educação.;Não;Servidores IFPR que atuam junto a AGIF/IFPR;AGIF/IFPR;PR;Aprimoramento Técnico;Processo decisório, Relacionamento interpessoal;10;Administração financeira;A distância, Presencial, Semipresencial;Evento de Capacitação;Curso;Benchmark internacional sobre NITs – estruturas, processos, prioridades, perfis. Inspiração com alguns casos de sucesso.;00:00;2020;;0;Não
Promover e assegurar a formação continuada dos docentes e técnicos administrativos em educação.;Não;Servidores IFPR que atuam junto a AGIF/IFPR;AGIF/IFPR;PR;Aprimoramento Técnico;Processo decisório, Relacionamento interpessoal;10;Administração financeira;A distância, Presencial;Evento de Capacitação;Curso;Empreendedorismo, Incubação, Aceleração.;00:00;2020;;0;Não
Promover e assegurar a formação continuada dos docentes e técnicos administrativos em educação.;Não;Servidores IFPR que atuam junto a AGIF/IFPR;AGIF/IFPR;PR;Aprimoramento Técnico;Processo decisório, Relacionamento interpessoal;10;Administração financeira;A distância, Presencial;Evento de Capacitação;Curso;Ecossistema de empreendedorismo e startups.;00:00;2020;;0;Não
Promover e assegurar a formação continuada dos docentes e técnicos administrativos em educação.;Sim;Técnico e Docentes;IFPR;PR;Aprimoramento Técnico, Educação Formal;Relacionamento interpessoal, Representação Institucional;150;Administração financeira;A distância, Presencial;Evento de Capacitação;Curso;Legislação Educacional para o Ensino Superior;00:00;2020;;0;Sim
Promover e assegurar a formação continuada dos docentes e técnicos administrativos em educação.;Sim;Técnico e Docentes;IFPR;PR;Aprimoramento Técnico, Educação Formal;Autocrítica, Processo decisório, Relacionamento interpessoal;300;Transparência e controle social;A distância, Presencial;Evento de Capacitação;Curso;Metodologia e Escrita Científica;00:00;2020;;0;Sim
Promover e assegurar a formação continuada dos docentes e técnicos administrativos em educação.;Sim;Técnico e Docentes;IFPR;PR;Aprimoramento Técnico;Processo decisório;150;Transparência e controle social;A distância, Presencial;Evento de Capacitação;Curso;Recursos Educacionais Abertos;00:00;2020;;0;Sim
Aumentar a qualificação profissional dos servidores para melhor desenvolvimento de projetos e ações em parceria com a comunidade. Educação inclusiva;Sim;Técnicos e Docentes;IFPR;PR;Aprimoramento Técnico, Comportamental, gerencial ou liderança;Aplicativos e sistemas, Comunicação eficaz, Delegação;150;Planejamento e orçamento;A distância, Presencial;Evento de Capacitação;Curso;Ações Afirmativas e Educação Inclusiva;00:00;2020;;0;Sim
Promover e assegurar a formação continuada dos docentes e técnicos administrativos em educação.;Sim;Servidores públicos;IFPR;PR;Comportamental, gerencial ou liderança;Articulação, Delegação;150;Documentação e Arquivo;A distância, Presencial;Evento de Capacitação;Curso;Administração do Tempo;00:00;2020;;0;Sim
Promover e assegurar a formação continuada dos docentes e técnicos administrativos em educação.;Sim;Servidores IFPR;IFPR;PR;Aprimoramento Técnico, Comportamental, gerencial ou liderança;Delegação;20;Documentação e Arquivo;A distância, Presencial;Evento de Capacitação;Curso;Elaboração de Planos de Capacitação;00:00;2020;;0;Não
Promover e assegurar a formação continuada dos docentes e técnicos administrativos em educação.;Não;Servidores que atuam com EAD;IFPR;PR;Aprimoramento Técnico;Relacionamento interpessoal;50;Administração financeira;A distância, Presencial;Evento de Capacitação;;Autoria e Design Instrucional de EAD;00:00;2020;;0;Não
Promover e assegurar a formação continuada dos docentes e técnicos administrativos em educação.;Não;Servidores;IFPR;PR;Aprimoramento Técnico;Relacionamento interpessoal;50;Transparência e controle social;A distância, Presencial;Evento de Capacitação;;Ferramentas de Currículo Lattes, Diretório de Pesquisa CNPq e ORCID;00:00;2020;;0;Não
Promover e assegurar a formação continuada dos docentes e técnicos administrativos em educação.;Sim;Servidores IFPR;IFPR;PR;Aprimoramento Técnico;Aplicativos e sistemas, Comunicação eficaz, Orientação por resultados;50;Administração financeira;A distância, Presencial;Evento de Capacitação;;Tecnologias e Recursos Tecnológicos na Educação Superior;00:00;2020;;0;Não
Promover e assegurar a formação continuada dos docentes e técnicos administrativos em educação.;Não;Servidores que trabalham com análise de dados.;IFPR;PR;Aprimoramento Técnico;Gestão de conflitos, Processo decisório;20;Administração financeira;A distância, Presencial;Evento de Capacitação;Curso;Metodologia de Pesquisa: análise quantitativa e qualitativa;00:00;2020;;0;Não
Promover e assegurar a formação continuada dos docentes e técnicos administrativos em educação.;Não;Servidores IFPR que atuam junto a DPG/IFPR;IFPR;PR;Aprimoramento Técnico;Processo decisório;10;Administração financeira;A distância, Presencial;Evento de Capacitação;Curso;Ferramentas de Avaliação do Ensino Superior - Plataforma Sucupira e SAC-CAPES;00:00;2020;;0;Não
Promover e assegurar a formação continuada dos docentes e técnicos administrativos em educação.;Sim;Técnico e Docentes;IFPR;PR;Aprimoramento Técnico;Gestão de conflitos, Relacionamento interpessoal;150;Contabilidade;A distância, Presencial;Evento de Capacitação;Curso;Matemática Financeira e Estatística;00:00;2020;;0;Não
Promover e assegurar a formação continuada dos docentes e técnicos administrativos em educação.;Sim;Técnico e Docentes;IFPR;PR;Aprimoramento Técnico;Processo decisório;150;Administração financeira;A distância, Presencial, Semipresencial;Evento de Capacitação;Curso;Fundamentos da Educação e Prática Pedagógica;00:00;2020;;0;Não
Promover e assegurar a formação continuada dos docentes e técnicos administrativos em educação.;Sim;Técnico e Docentes;IFPR;PR;Aprimoramento Técnico;Processo decisório;150;Administração financeira;A distância, Presencial;Evento de Capacitação;Curso;Gestão Pedagógica, Avaliação e Planejamento Educacional;00:00;2020;;0;Sim
Promover e assegurar a formação continuada dos docentes e técnicos administrativos em educação.;Sim;Docentes;IFPR;PR;Aprimoramento Técnico;Processo decisório;150;Administração financeira;A distância, Presencial;Evento de Capacitação;Curso;Fundamentos Pedagógicos para a formação de professores;00:00;2020;;0;Sim
Promover e assegurar a formação continuada dos docentes e técnicos administrativos em educação.;Não;Gestores públicos e tomadores de decisão relacionada à estratégia do órgão.;IFPR;PR;Aprimoramento Técnico;Orientação por resultados, Técnica/Específica do cargo;50;Correição;A distância, Presencial;Evento de Capacitação;Curso;Treinamento para uso do FORPDI;00:00;2020;;0;Sim
Promover e assegurar a formação continuada dos docentes e técnicos administrativos em educação.;Não;Servidores públicos que atuem com Planejamento Estratégico;IFPR;PR;Aprimoramento Técnico;Relacionamento interpessoal, Técnica/Específica do cargo;150;Administração financeira;A distância, Presencial;Evento de Capacitação;;Treinamento para uso do Ághata;00:00;2020;;0;Sim
Promover e assegurar a formação continuada dos docentes e técnicos administrativos em educação.;Não;Servidores públicos que atuem com Planejamento Estratégico;IFPR;PR;Aprimoramento Técnico;Delegação;100;Correição;A distância, Presencial;Evento de Capacitação;;Integridade;00:00;2020;;0;Sim
Promover e assegurar a formação continuada dos docentes e técnicos administrativos em educação.;Sim;Servidores que trabalham na área de Gestão e Mapeamento de Processos.;IFPR;PR;Aprimoramento Técnico;Relacionamento interpessoal;150;Correição;A distância, Presencial;Evento de Capacitação;Curso;Gestão e Mapeamento de Processos;00:00;2020;;0;Sim
Promover e assegurar a formação continuada dos docentes e técnicos administrativos em educação.;Não;Servidores que atuem nos setores de compras e licitações, fiscalização e execução de contratos, ordenamento de despesas e administração;IFPR;PR;Aprimoramento Técnico, Educação Formal;Relacionamento interpessoal, Representação Institucional;150;Correição, Comunicação;A distância, Presencial;Evento de Capacitação;Curso;Fiscalização Administrativa e técnica na prática, de acordo com a IN 05/2017;00:00;2020;;0;Sim
Promover e assegurar a formação continuada dos docentes e técnicos administrativos em educação.;Não;Servidores que atuem nos setores de compras e licitações, fiscalização e execução de contratos, ordenamento de despesas e administração;IFPR;PR;Aprimoramento Técnico;Relacionamento interpessoal;20;Administração financeira;A distância, Presencial;Evento de Capacitação;Curso;Repactuação de contratos com dedicação exclusiva de mão de obra e análise de custos não renováveis;00:00;2020;;0;Sim
Promover e assegurar a formação continuada dos docentes e técnicos administrativos em educação.;Sim;Servidores que atuem nos setores de compras e licitações, fiscalização e execução de contratos, ordenamento de despesas e administração;IFPR;PR;Aprimoramento Técnico;Relacionamento interpessoal;75;Administração financeira;A distância, Presencial;Evento de Capacitação;Curso;Planejamento da contratação sem dedicação exclusiva de mão de obra, de acordo com a IN 05/2017;00:00;2020;;0;Não
Promover e assegurar a formação continuada dos docentes e técnicos administrativos em educação.;Não;Servidores que atuem nos setores de compras e licitações, fiscalização e execução de contratos e TI;IFPR;PR;Aprimoramento Técnico;Relacionamento interpessoal, Representação Institucional;150;Correição;A distância, Presencial;Evento de Capacitação;Curso;INSTRUÇÃO NORMATIVA Nº 1, DE 10 DE JANEIRO DE 2019 PAC;00:00;2020;;0;Não
Promover e assegurar a formação continuada dos docentes e técnicos administrativos em educação.;Sim;Servidores que atuem nos setores de compras e licitações, fiscalização e execução de contratos, ordenamento de despesas e administração;IFPR;PR;Aprimoramento Técnico;Relacionamento interpessoal;100;Correição, Comunicação;A distância, Presencial, Semipresencial;Evento de Capacitação;Curso;Planejamento da contratação sem dedicação exclusiva de mão de obra, de acordo com a IN 05/2017;00:00;2020;;0;Não
Promover e assegurar a formação continuada dos docentes e técnicos administrativos em educação.;Sim;Servidores que atuem nos setores de compras e licitações, fiscalização e execução de contratos, ordenamento de despesas e administração;IFPR;PR;Aprimoramento Técnico;Relacionamento interpessoal;150;Administração financeira, Correição;A distância, Presencial;Evento de Capacitação;;Elaboração de Termo de Referência, como especificar o bem/serviço, elaboração de IMR, mapa de riscos;00:00;2020;;0;Sim
Promover e assegurar a formação continuada dos docentes e técnicos administrativos em educação.;Sim;Servidores que atuem nos setores de compras e licitações, fiscalização e execução de contratos, ordenamento de despesas e administração;IFPR;PR;Aprimoramento Técnico;Relacionamento interpessoal;75;Comunicação;A distância, Presencial, Semipresencial;Evento de Capacitação;Curso;Sustentabilidade na Administração Pública;00:00;2020;;0;Não
Promover e assegurar a formação continuada dos docentes e técnicos administrativos em educação.;Não;Servidores que atuem nos setores de Almoxarifado e Patrimônio;IFPR;PR;Aprimoramento Técnico;Relacionamento interpessoal, Técnica/Específica do cargo;150;Ética;A distância, Presencial, Semipresencial;Evento de Capacitação;Curso;SIADS;00:00;2020;;0;Sim
Promover e assegurar a formação continuada dos docentes e técnicos administrativos em educação.;Não;Servidores que atuem nos setores de Almoxarifado e Patrimônio;IFPR;PR;Aprimoramento Técnico;Relacionamento interpessoal;75;Comunicação;A distância, Presencial;Evento de Capacitação;Curso;Como realizar desfazimento de bens;00:00;2020;;0;Sim
Promover e assegurar a formação continuada dos docentes e técnicos administrativos em educação.;Sim;Promover e assegurar a formação continuada dos docentes e técnicos administrativos em educação.;IFPR;PR;Aprimoramento Técnico;Relacionamento interpessoal;150;Comunicação;A distância, Presencial, Semipresencial;Evento de Capacitação;Curso;Gestão de Contrato: papel do gestor e principais ações;00:00;2020;;0;Sim
Promover e assegurar a formação continuada dos docentes e técnicos administrativos em educação.;Sim;Servidores que atuem nos setores de compras e licitações, fiscalização e execução de contratos, ordenamento de despesas e administração;IFPR;PR;Aprimoramento Técnico;Relacionamento interpessoal;75;Comunicação;A distância, Presencial, Semipresencial;Evento de Capacitação;;Contratações diretas: principais aspectos e entendimentos do TCU;00:00;2020;;0;Não
Promover e assegurar a formação continuada dos docentes e técnicos administrativos em educação.;Sim;Servidores que atuem nos setores de compras e licitações, fiscalização e execução de contratos, ordenamento de despesas e administração;IFPR;PR;Aprimoramento Técnico;Relacionamento interpessoal;150;Gestão, organização e inovação institucional ;A distância, Presencial, Semipresencial;Evento de Capacitação;Curso;Apuração de responsabilidade, aplicação de sanções e rescisão contratual;00:00;2020;;0;Não
Promover e assegurar a formação continuada dos docentes e técnicos administrativos em educação.;Sim;Servidores que atuem nos setores de Almoxarifado e Patrimônio;IFPR;PR;Aprimoramento Técnico;Relacionamento interpessoal;75;Comunicação;A distância, Presencial, Semipresencial;Evento de Capacitação;Curso;;00:00;2020;;0;Sim
Promover e assegurar a formação continuada dos docentes e técnicos administrativos em educação.;Sim;Servidores que atuem nos setores de compras e licitações, fiscalização e execução de contratos, ordenamento de despesas e administração;IFPR;PR;Aprimoramento Técnico;Relacionamento interpessoal;150;Comunicação;A distância, Presencial, Semipresencial;Evento de Capacitação;Curso;Julgamento de planilha de custos e formação de preços, de acordo com a IN 05/2017;00:00;2020;;0;Não
Promover e assegurar a formação continuada dos docentes e técnicos administrativos em educação.;Sim;Servidores que atuem nos setores de compras e licitações, fiscalização e execução de contratos, ordenamento de despesas e administração;IFPR;PR;Aprimoramento Técnico;Relacionamento interpessoal;75;Comunicação;A distância, Presencial, Semipresencial;Evento de Capacitação;Curso;Aplicação de penalidades administrativas;00:00;2020;;0;Sim
Promover e assegurar a formação continuada dos docentes e técnicos administrativos em educação.;Sim;Servidores que atuem nos setores de compras e licitações, ordenamento de despesas e administração;IFPR;PR;Aprimoramento Técnico;Representação Institucional;75;Comunicação;A distância;Evento de Capacitação;;Dispensa e inexigibilidade de licitação;00:00;2020;;0;Sim
Promover e assegurar a formação continuada dos docentes e técnicos administrativos em educação.;Não;Servidores que atuem na Diretoria de Infraestrutura;IFPR;PR;Aprimoramento Técnico;Relacionamento interpessoal;10;Transparência e controle social;A distância, Presencial, Semipresencial;Evento de Capacitação;Curso;Curso de atualização das normas de desempenho nas construções de acordo com a ABNT NBR 1557/2013;00:00;2020;;0;Não
Promover e assegurar a formação continuada dos docentes e técnicos administrativos em educação.;Não;Servidores que atuem na Diretoria de Infraestrutura;IFPR;PR;Aprimoramento Técnico;Representação Institucional;3;Administração financeira;A distância, Presencial, Semipresencial;Evento de Capacitação;Curso;Curso de parametrização de rele de proteção Pextron URP 7104T aplicados em cabines primárias - Proteção e seletividade;00:00;2020;;0;Não
Promover e assegurar a formação continuada dos docentes e técnicos administrativos em educação.;Não;Servidores que atuem na Diretoria de Infraestrutura;IFPR;PR;Aprimoramento Técnico;Relacionamento interpessoal;4;Correição;A distância, Presencial, Semipresencial;Evento de Capacitação;Curso;Curso de Composição de Preços de Serviços de Conservação e Restauro;00:00;2020;;0;Não
Promover e assegurar a formação continuada dos docentes e técnicos administrativos em educação.;Não;Servidores que atuem na Diretoria de Infraestrutura;IFPR;PR;Aprimoramento Técnico;Relacionamento interpessoal;5;Administração financeira;A distância, Presencial, Semipresencial;Evento de Capacitação;Curso;Curso de Eficiência Energética em Edifícios Públicos;00:00;2020;;0;Não
Promover e assegurar a formação continuada dos docentes e técnicos administrativos em educação.;Não;Servidores que atuem na Diretoria de Infraestrutura;IFPR;PR;Aprimoramento Técnico;Relacionamento interpessoal;5;Administração financeira;A distância, Presencial, Semipresencial;Evento de Capacitação;Curso;Curso de Conforto Térmico nas Edificações;00:00;2020;;0;Não
Promover e assegurar a formação continuada dos docentes e técnicos administrativos em educação.;Não;Servidores que atuem na Diretoria de Infraestrutura;IFPR;PR;Aprimoramento Técnico;Técnica/Específica do cargo;8;Transparência e controle social;A distância, Presencial, Semipresencial;Evento de Capacitação;Curso;Curso de aprendizagem da ferramenta de informática Autodesk Revit 2019;00:00;2020;;0;Não
Promover e assegurar a formação continuada dos docentes e técnicos administrativos em educação.;Não;Servidores que atuem na Diretoria de Infraestrutura;IFPR;PR;Aprimoramento Técnico;Relacionamento interpessoal;5;Transparência e controle social;A distância, Presencial, Semipresencial;Evento de Capacitação;;Curso de acessibilidade nas edificações, conforme NBR 9050 E NBR 16537;00:00;2020;;0;Não
Promover e assegurar a formação continuada dos docentes e técnicos administrativos em educação.;Não;Servidores que atuem nos setores de Folha de Pagamento.;IFPR;PR;Aprimoramento Técnico;Relacionamento interpessoal;5;Controle Interno;A distância, Presencial, Semipresencial;Evento de Capacitação;;Curso de Cálculos em Folha de Pagamento no Setor Público;00:00;2020;;0;Não
Oportunizar diálogos e debates, entre os técnicos, visando oportunizar espaços de compartilhamentos de experiências.;Não;Servidores que atuem nas Bibliotecas;IFPR;PR;Aprimoramento Técnico;Ensino, pesquisa e/ou extensão;100;4;A distância, Presencial, Semipresencial;Evento de Capacitação;Fórum;Encontro das Equipes da Rede de Bibliotecas do IFPR.;00:00;2020;;0;Sim
Oportunizar diálogos e debates, entre os técnicos, visando oportunizar espaços de compartilhamentos de experiências.;Não;Servidores que atuem na Secretaria Acadêmica do IFPR;IFPR;PR;Aprimoramento Técnico;Delegação;150;Transparência e controle social;A distância, Presencial, Semipresencial;Evento de Capacitação;Curso;Encontro de Capacitação de servidores de Secretaria Acadêmica do IFPR;00:00;2020;;0;Sim
Promover e assegurar a formação continuada dos docentes e técnicos administrativos em educação.;Não;Servidores que atuem na Diretoria de Registro e Acompanhamento Acadêmico;IFPR;PR;Aprimoramento Técnico;Relacionamento interpessoal;50;Transparência e controle social;A distância, Presencial, Semipresencial;Evento de Capacitação;;;00:00;2020;;0;Não
Promover e assegurar a formação continuada dos docentes e técnicos administrativos em educação.;Sim;Técnico e Docentes;IFPR;PR;Comportamental, gerencial ou liderança;Ensino, pesquisa e/ou extensão;150;Documentação e Arquivo;A distância, Presencial, Semipresencial;Evento de Capacitação;Curso;Liderança e Gestão Participativa na Escola;00:00;2020;;0;Não
Promover e assegurar a formação continuada dos docentes e técnicos administrativos em educação.;Sim;Técnico e Docentes;IFPR;PR;Educação Formal;Processo decisório;150;Transparência e controle social;A distância, Presencial, Semipresencial;Evento de Capacitação;Curso;Cursos de Formação em Direito à Educação.;00:00;2020;;0;Não
Oportunizar diálogos e debates, entre os docentes, visando oportunizar espaços de compartilhamentos de experiências.;Não;Servidores que atuem na área de Educação Física e do Esporte;IFPR;PR;Comportamental, gerencial ou liderança;Processo decisório;100;Transparência e controle social;A distância;Evento de Capacitação;;Fórum da Educação Física e do Esporte;00:00;2020;;0;Sim
Promover e assegurar a formação continuada dos docentes e técnicos administrativos em educação.;Não;Servidores que atuem nos setores de processo seletivo - políticas afirmativas;IFPR;PR;Aprimoramento Técnico;Relacionamento interpessoal, Representação Institucional;150;Administração financeira;A distância, Presencial, Semipresencial;Evento de Capacitação;Curso;;00:00;2020;;0;Sim
Oportunizar diálogos e debates, entre os técnicos, visando oportunizar espaços de compartilhamentos de experiências.;Não;Servidores que atuem NAPNE;IFPR;PR;Aprimoramento Técnico;Ensino, pesquisa e/ou extensão;150;Administração financeira;A distância, Presencial, Semipresencial;Evento de Capacitação;Seminário;Seminário de NAPNE;00:00;2020;;0;Sim
Oportunizar diálogos e debates, entre os técnicos e docentes, visando oportunizar espaços de compartilhamentos de experiências.;Não;Servidores que atuem na área de Assistência Estudantil;IFPR;PR;Aprimoramento Técnico;Delegação;150;Administração financeira;A distância, Presencial, Semipresencial;Evento de Capacitação;Fórum;II Encontro da Assistência Estudantil - Política, Regulamentos e Avaliação;00:00;2020;;0;Sim
Oportunizar diálogos e debates, entre os técnicos e docentes, visando oportunizar espaços de compartilhamentos de experiências.;Não;Servidores que atuem na área de Assistência Estudantil;IFPR;PR;Aprimoramento Técnico;Condução de mudanças;150;Administração financeira;A distância, Presencial, Semipresencial;Evento de Capacitação;Oficina;Revisão de Programas da Assistência Estudantil - Proposta de criação, alteração, extinção de programas.;00:00;2020;;0;Sim
Oportunizar diálogos e debates, entre os técnicos e docentes, visando oportunizar espaços de compartilhamentos de experiências;Não;Servidores que atuem na área de Assistência Social;IFPR;PR;Aprimoramento Técnico;Delegação;75;Administração financeira;;Evento de Capacitação;;Assistência Social do IFPR;00:00;2020;;0;Não
Oportunizar diálogos e debates, entre os técnicos e docentes, visando oportunizar espaços de compartilhamentos de experiências;Não;Diretores e equipe de Ensino;IFPR;PR;Aprimoramento Técnico;Delegação;150;Administração financeira;A distância, Presencial;Evento de Capacitação;;;00:00;2020;;0;Sim
Oportunizar diálogos e debates, entre os técnicos e docentes, visando oportunizar espaços de compartilhamentos de experiências;Não;Técnicos e Docentes;IFPR;PR;Aprimoramento Técnico;Delegação;150;Administração financeira;Presencial;Evento de Capacitação;Outras modalidades similares de eventos;Café Pedagógico;00:00;2020;;0;Sim
Oportunizar diálogos e debates, entre os técnicos e docentes, visando oportunizar espaços de compartilhamentos de experiências.;Não;Técnicos e Docentes;IFPR;PR;Aprimoramento Técnico;Delegação;100;Transparência e controle social;A distância;Evento de Capacitação;Convenção;Encontro sobre a Organização do Trabalho Pedagógico no IFPR;00:00;2020;;0;Meu Órgão não possui Escola de Governo
Oportunizar diálogos e debates, entre os técnicos e docentes, visando oportunizar espaços de compartilhamentos de experiências.;Não;Assistentes de Alunos;IFPR;PR;Aprimoramento Técnico;Delegação;150;Administração financeira;A distância;Evento de Capacitação;Convenção;Encontro dos/as Assistentes de Alunos/as do IFPR;00:00;2020;;0;Sim
Oportunizar diálogos e debates, entre os técnicos e docentes, visando oportunizar espaços de compartilhamentos de experiências.;Não;Técnicos e Docentes;IFPR;PR;Aprimoramento Técnico;Delegação;300;Administração financeira;A distância;Evento de Capacitação;Oficina;Ensino em Ação;00:00;2020;;0;Sim
Oportunizar diálogos e debates, entre os técnicos e docentes, visando oportunizar espaços de compartilhamentos de experiências.;Não;Técnicos e Docentes;IFPR;PR;Aprimoramento Técnico;Processo decisório;150;Transparência e controle social;A distância, Presencial, Semipresencial;Evento de Capacitação;Fórum;Fórum das Licenciaturas do IFPR;00:00;2020;;0;Sim
Oportunizar diálogos e debates, entre os técnicos e docentes, visando oportunizar espaços de compartilhamentos de experiências.;Não;Servidores que atuem na área de Gestão de Pessoas;IFPR;PR;Aprimoramento Técnico;Relacionamento interpessoal;100;Documentação e Arquivo;A distância;Evento de Capacitação;Convenção;Encontro GT-Pessoas;00:00;2020;;0;Sim
Promover e assegurar a formação continuada dos docentes e técnicos administrativos em educação.;Sim;Técnicos e Docentes;IFPR;PR;Educação Formal;Autocrítica;50;Ouvidoria;A distância, Presencial, Semipresencial;Evento de Capacitação;Curso;Comunicação institucional | linguagem corporativa descomplicada;00:00;2020;;0;Sim
Promover e assegurar a formação continuada dos docentes e técnicos administrativos em educação.;Não;Servidores que atuem nos setores de comunicação do IFPR;IFPR;PR;Aprimoramento Técnico;Autocrítica;25;Ouvidoria;A distância, Presencial;Evento de Capacitação;;Redes Sociais Avançado: publicação, monitoramento e gestão;00:00;2020;;0;Não
Promover e assegurar a formação continuada dos docentes e técnicos administrativos em educação;Não;Servidores que atuem nos setores de comunicação do IFPR;IFPR;PR;Aprimoramento Técnico, Comportamental, gerencial ou liderança;Autocrítica;5;Ouvidoria;;;;Comunicação Persuasiva;00:00;2020;;0;Não
Promover e assegurar a formação continuada dos docentes e técnicos administrativos em educação.;Não;Servidores que atuem nos setores de comunicação do IFPR;IFPR;PR;Aprimoramento Técnico;Autocrítica;2;Ouvidoria;;Evento de Capacitação;;Usabilidade;00:00;2020;;0;Sim
Promover e assegurar a formação continuada dos docentes e técnicos administrativos em educação.;Não;Servidores que atuem nos setores de comunicação do IFPR;IFPR;PR;Aprimoramento Técnico;Autocrítica;5;Ouvidoria;;Evento de Capacitação;Curso;Experiência do Usuário (UX);00:00;2020;;0;Não
Preparação do servidor para o desenvolvimento pessoal e profissional.;Não;Técnicos e Docentes;IFPR;PR;Comportamental, gerencial ou liderança;Aplicativos e sistemas, Engajamento (inspirar pessoas), Flexibilidade, Negociação;600;Documentação e Arquivo;A distância;;;Eu, Servidor Educador:;00:00;2020;;0;Sim
Preparação do servidor para o desenvolvimento pessoal e profissional.;Não;Servidores em cargo de liderança;IFPR;PR;Comportamental, gerencial ou liderança;Aplicativos e sistemas;150;Administração financeira;;Evento de Capacitação;Curso;Líder Servidor:;00:00;2020;;0;Sim
Preparação do servidor para o desenvolvimento pessoal e profissional.;Sim;Técnicos e Docentes;IFPR;PR;Comportamental, gerencial ou liderança;Articulação;500;Documentação e Arquivo;A distância;Evento de Capacitação;Workshop;Inteligência Emocional Servidora;00:00;2020;;0;Sim
Preparação do servidor para o desenvolvimento pessoal e profissional.;Sim;Técnicos e Docentes;IFPR;PR;Comportamental, gerencial ou liderança;Engajamento (inspirar pessoas);500;Documentação e Arquivo;A distância;Evento de Capacitação;Curso;Instituto Felicidade do Paraná;00:00;2020;;0;Sim
Preparação do servidor para o desenvolvimento pessoal e profissional.;Sim;Técnicos e Docentes;IFPR;PR;Ingresso no serviço público federal;Visão sistêmica;150;Documentação e Arquivo;A distância;Evento de Capacitação;Curso;AposentAção;00:00;2020;;0;Sim
Promover e assegurar a formação continuada dos docentes e técnicos administrativos em educação;Não;Técnicos e Docentes;IFPR;PR;Atividade de Extensão;Processo decisório;150;Transparência e controle social;A distância;Educação Formal;;;00:00;2024;;0;Não
Promover e assegurar a formação continuada dos docentes e técnicos administrativos em educação;Não;Técnicos e Docentes;IFPR;PR;Atividade de Extensão;Processo decisório;300;Transparência e controle social;A distância, Presencial, Semipresencial;Educação Formal;;CURSO DE LICENCIATURA;00:00;2020;;0;Sim
Promover e assegurar a formação continuada dos docentes e técnicos administrativos em educação;Não;Técnicos e Docentes;IFPR;PR;Atividade de Extensão;Processo decisório;150;Administração financeira, Correição, Comunicação, 4, Contabilidade, Controle Interno, Custos, Documentação e Arquivo, Ética, Gestão, organização e inovação institucional , Gestão de pessoas, Planejamento e orçamento, Serviços gerais (logística), Ouvidoria, Tecnologia da informação e comunicação, Transparência e controle social;A distância, Presencial, Semipresencial;Educação Formal;;;00:00;0;;0;Não
Promover e assegurar a formação continuada dos docentes e técnicos administrativos em educação;Não;Técnicos e Docentes;IFPR;PR;Atividade de Extensão;Processo decisório;500;Administração financeira, Correição, Comunicação, 4, Contabilidade, Controle Interno, Custos, Documentação e Arquivo, Ética, Gestão, organização e inovação institucional , Gestão de pessoas, Planejamento e orçamento, Serviços gerais (logística), Ouvidoria, Tecnologia da informação e comunicação, Transparência e controle social;A distância, Presencial, Semipresencial;Educação Formal;Especialização;;00:00;0;;0;Não
Preparação do servidor para o desenvolvimento pessoal e profissional.;Sim;Técnicos e Docentes;IFPR;PR;Comportamental, gerencial ou liderança;Articulação;75;Documentação e Arquivo;A distância, Presencial;Evento de Capacitação;Curso;Assédio moral;00:00;2020;;0;Não
Preparação do servidor para o desenvolvimento pessoal e profissional.;Sim;Técnicos e Docentes;IFPR;PR;Comportamental, gerencial ou liderança, Educação Formal;Visão sistêmica;300;Documentação e Arquivo;;Evento de Capacitação;;Prevenção de doenças ocupacionais e acidentes no trabalho;00:00;2020;;0;Sim
Promover e assegurar a formação continuada dos docentes e técnicos administrativos em educação;Sim;Servidores que atuem nos setores de compras e licitações, TI e ordenamento de despesas e administração;IFPR;PR;Aprimoramento Técnico;Relacionamento interpessoal;150;Correição;;Evento de Capacitação;;Contratação de Soluções de Tecnologia da Informação - IN 04/2014 e posterior;00:00;0;;0;Sim
Promover e assegurar a formação continuada dos docentes e técnicos administrativos em educação.;Sim;TécnicoS e Docentes;IFPR;PR;Aprimoramento Técnico;Processo decisório;100;Transparência e controle social;;Evento de Capacitação;;Metodologias de ensino para pessoas com necessidades específicas;00:00;0;;0;Não
Promover e assegurar a formação continuada dos docentes e técnicos administrativos em educação.;Sim;Técnico e Docentes;IFPR;PR;Comportamental, gerencial ou liderança;Processo decisório;150;Documentação e Arquivo;;;;Capacitação para abordar questões relativas a sexualidade, drogas e álcool na adolescência;00:00;0;;0;Sim
