PREGÃO;DESCRIÇÃO;QUANTIDADES DE ITENS LICITADOS;VALOR TOTAL HOMOLOGADO;UNIDADE RESPONSÁVEL
jan/20;INFRAESTRUTURA - CONSUMO;424;R$ 1.257.870,40;REITORIA
fev/20;CONTRATAÇÃO DE SERVIÇOS DE FROTA LOCADA COM E SEM MOTORISTA PERMANENTE;7;R$ 1.004.404,38;REITORIA
mar/20;REFORMA EDIFICIO JOSÉ LOUREIRO;10;R$ 74.700,00;REITORIA
abr/20;AQUISIÇÃO E INSTALAÇÃO DE CORTINA, PELÍCULAS E PERSIANAS;21;R$ 471.792,08;REITORIA
mai/20;PASSAGENS ÁEREAS E RODOVIÁRIAS ;6;R$ 1.339.274,11;REITORIA
06-2020-;UNIFORMES PARA OS JOGOS, OUTROS UNIFORMES, TECIDOS, AVIAMENTOS, BANDEIRAS, MATERIAL DE PROTEÇÃO, SINALIZAÇÃO, SEGURANÇA E SOCORRO – EPI;115;R$ 488.126,37;REITORIA
jul/20;MATERIAL DE LIMPEZA, PRODUTOS DE HIGIENIZAÇÃO, MATERIAIS DE COPA E COZINHA;191;R$ 626.505,28;REITORIA
ago/20;APARELHOS ELETRÔNICOS, DOMÉSTICOS, INDUSTRIAIS E EQUIPAMENTOS DE REFRIGERAÇÃO;93;R$ 2.119.798,47;REITORIA
set/20;NÚCLEO BÁSICO IV ;111;R$ 211.033,74;REITORIA
out/20;MOBILIÁRIO DE BIBLIOTECA E EM GERAL;90;R$ 1.332.141,69;REITORIA
nov/20;CONTROLE E PROCESSOS INDUSTRIAIS - PERMANENTE;63;R$ 1.741.042,62;REITORIA
dez/20;MATERIAIS E EQUIPAMENTOS PARA ACESSIBILIDADE EDUCACIONAL;27;R$ 90.518,09;REITORIA
13-2020;TURISMO, HOSPITALIDADE E LAZER ( REPUBLICAÇÃO 34-2020);327; R$ -   ;REITORIA
14-2020;PRODUÇÃO INDUSTRIAL E CERÂMICA;10;R$ 21.862,34;REITORIA
15-2020;TÁXIGOV;7;R$ 273.420,00;REITORIA
16-2020;AQUISIÇÃO DE MATERIAIS COVID-19 (Coronavírus - Lei 13.979/20);33;R$ 260.470,25;REITORIA
17-2020;MOODLE;1;R$ 65.299,00;REITORIA
19-2020;MATERIAL DE EXPEDIENTE;188;R$ 402.431,84;REITORIA
20-2020;PRODUÇÃO CULTURAL E DESIGN/ ÁUDIO, VÍDEO E FOTO ( REPUBLICAÇÃO 39-2020);147;R$ 833.884,21;REITORIA
21-2020;NÚCLEO BÁSICO I - QUÍMICA, FÍSICA E BIOLOGIA - CONSUMO (A-F/ PARTE I);384;R$ 374.786,21;REITORIA
22-2020;NÚCLEO BÁSICO I - QUÍMICA, FÍSICA E BIOLOGIA - CONSUMO (G-Z/ PARTE II);322;R$ 210.606,97;REITORIA
23-2020;NÚCLEO BÁSICO III - EDUCAÇÃO FÍSICA;80;R$ 265.694,21;REITORIA
24-2020;PROEQ;93;R$ 127.094,79;REITORIA
25-2020;RECURSOS NATURAIS E AGROECOLOGIA;82;R$ 256.494,42;REITORIA
26-2020;INFRAESTRUTURA - PERMANENTE;70;R$ 1.272.996,23;REITORIA
27-2020;HARDWARE (DIVERSOS;97;R$ 1.023.245,52;REITORIA
28-2020;REFORMA EAD;1;R$ 268.990,79;REITORIA
29-2020;CONTROLE E PROCESSOS INDUSTRIAIS - CONSUMO;232;R$ 207.013,36;REITORIA
30-2020;NÚCLEO BÁSICO II - QUÍMICA, FÍSICA E BIOLOGIA - PERMANENTE;139;R$ 2.200.502,30;REITORIA
31-2020;AMBIENTE E SAÚDE;388;R$ 253.162,66;REITORIA
33-2020;ACERVO BIBLIOGRÁFICO ;36;R$ 710.831,60;REITORIA
34-2020;TURISMO, HOSPITALIDADE E LAZER;327;R$ 75.434,70;REITORIA
35-2020;CONTRATAÇÃO DE SERVIÇOS, SOB DEMANDA, DE REFORMA / MANUTENÇÃO PREDIAL;31;R$ 6.165.831,93;REITORIA
37-2020;NÚCLEO BÁSICO II - QUÍMICA, FÍSICA E BIOLOGIA - PERMANENTE;14;R$ 388.717,98;REITORIA
39-2020;PRODUÇÃO CULTURAL E DESIGN/ ÁUDIO, VÍDEO E FOTO;12;R$ 50.306,00;REITORIA
jan/20;Contratação de pessoa jurídica para a prestação de serviços contínuos de limpeza;5;R$ 605.206,68;LONDRINA
fev/20;Contratação de empresa para execução de serviços de engenharia;1;R$ 169.955,47;LONDRINA
mar/20;Aquisição de SISTEMA CAD CAM E SCANNER INTRA ORAL;1;R$ 653.140,09;LONDRINA
jan/20;Contratação de pessoa jurídica para a prestação de serviços contínuos de limpeza;2;R$ 427.293,96;CAPANEMA
jan/20;Contratação de Serviços comum de engenharia, reforma e manutenção do telhado;1;R$ 699.797,61;COLOMBO
jan/20;O objeto da presente licitação é a escolha da proposta mais vantajosa para a contratação de serviços de empresa especializada na prestação de Apoio Administrativo para atender as necessidades dos campi Palmas e Curitiba do IFPR, conforme condições, quantidades e exigências estabelecidas neste Edital e seus anexos.;3;R$ 331.469,64;PALMAS
fev/20;A presente licitação tem como objeto Seleção de fornecedores para formação de ata de registro de preço de itens de consumo de infra-estrutura para atendimento das necessidades do Campus Palmas do IFPR.;87;R$ 96.104,61;PALMAS
mar/20;O objeto da presente licitação é a escolha da proposta mais vantajosa para a Contratação de empresa especializada para execução de pintura predial externa das 18 edificações, de forma não simultaneamente, com Ordens de Serviço emitidas de acordo com a necessidade do campus Palmas do IFPR, conforme condições, quantidades e exigências estabelecidas neste Edital e seus anexos.;1;R$ 236.799,99;PALMAS
abr/20;Aquisição de material para laboratórios didáticos e apoio pedagógico no Campus Palmas - Permanente e Consumo;160;R$ 1.784.533,53;PALMAS
jan/20;O objeto desta licitação é a aquisição de equipamentos de laboratório, visando atender às necessidades do Instituto Federal do Paraná - Campus Umuarama, conforme especificações e quantidades estabelecidas no Termo de Referência, neste Edital e seus Anexos.;3;R$ 87.229,66;UMUARAMA
jan/20;Contratação de pessoa jurídica para a prestação de serviços terceirizados de Porteiro diurno, escala 12x36, de natureza contínua, mediante dedicação exclusiva de mão de obra, para a atender às necessidades do IFPR Campus Irati, conforme condições, quantidades e exigências estabelecidas em Edital e seus anexos.;1;R$ 67.064,64;IRATI
fev/20;Contratação de pessoa jurídica para a prestação de serviços contínuos de limpeza, conservação e higienização, mediante dedicação exclusiva de mão de obra, com fornecimento de materiais, uniformes e equipamentos, com vistas a atender às necessidades do Instituto Federal do Paraná – Campus Irati, conforme condições, quantidades e exigências estabelecidas em Edital e seus anexos.;1;R$ 212.000,00;IRATI
fev/20;Registro de Preços para contratação de serviços contínuos de jardinagem e roçada, sob demanda, para conservação e manutenção das áreas verdes  do IFPR - Campus Paranavaí, incluindo o fornecimento de utensílios e equipamentos, bem como mão de obra qualificada e equipamentos de proteção individual, conforme condições, quantidades e exigências estabelecidas neste Edital e seus anexos.;1;R$ 21.999,96;PARANAVAÍ
mar/20;Contratação de empresa especializada na prestação de serviços terceirizados de apoio às atividades operacionais para prestação de serviços de natureza contínua de cuidador em saúde, conforme condições, quantidades e exigências estabelecidas no Edital e seus anexos.;1;R$ 41.609,04;PARANAVAÍ
abr/20;Prestação de serviços terceirizados de apoio às atividades operacionais para prestação de serviços de natureza contínua de vigia noturno, com vistas a atender às necessidades do Instituto Federal do Paraná - Campus Paranavaí, que compreenderá, além dos serviços de mão de obra em regime de dedicação exclusiva, o fornecimento de uniformes, materiais e o emprego dos equipamentos necessários e adequados à execução dos serviços.;1;R$ 40.078,80;PARANAVAÍ
jan/20;Contratação de empresa prestadora de serviços terceirizados de apoio às atividades operacionais e administrativas, para prestação de serviços de natureza contínua, nas categorias profissionais de Oficial de Manutenção Predial, Auxiliar Administrativo e Jardineiro, com vistas a atender às necessidades da unidade Campus Pinhais do Instituto Federal do Paraná - IFPR.;2;R$ 126.843,84;PINHAIS
;;;;
CONCORRÊNCIA;DESCRIÇÃO;QUANTIDADES DE ITENS LICITADOS;VALOR TOTAL HOMOLOGADO;UNIDADE RESPONSÁVEL
jan/20;Concessão de uso de espaço físico destinada à exploração de serviços de lanchonete/cantina nas instalações do IFPR – Campus Cascavel, situado à Avenida das Pombas, 2020 -  Bairro Floresta - Cascavel– PR.;1;R$ 111,64;CASCAVEL
;;;;
CONVITE;DESCRIÇÃO;QUANTIDADES DE ITENS LICITADOS;VALOR TOTAL HOMOLOGADO;UNIDADE RESPONSÁVEL
jan/20;Contratação de Pessoa Jurídica para a construção de Laboratório de Edificações no IFPR - Campus Cascavel.;1;R$ 201.548,81;CASCAVEL
jan/20;O objeto da presente licitação é a escolha da proposta mais vantajosa para a contratação de construção de Laboratório de de Processos Construtivos no IFPR - Campus Umuarama, conforme condições, quantidades e exigências estabelecidas neste Convite e seus anexos.;1;R$ 328.907,51;UMUARAMA
jan/20;O objeto da licitação é contratação de empresa especializada para execução de obra de troca de cobertura de áreas do Campus Curitiba do Instituto Federal do Paraná.;1;R$ 82.823,57;CURITIBA
;;;;
TOMADA DE PREÇOS;DESCRIÇÃO;QUANTIDADES DE ITENS LICITADOS;VALOR TOTAL HOMOLOGADO;UNIDADE RESPONSÁVEL
jan/20;O objeto da presente licitação é a escolha da proposta mais vantajosa para a contratação de  empresa para execução das obras de construção de refeitórios nos Campi de Londrina e Paranaguá e Construção de Refeitório e de reforma dos Quiosques 02, 05 e Espaço Multiuso da Vila Cultural do Campus Telêmaco Borba, conforme condições, quantidades e exigências estabelecidas no Edital e seus anexos.;3;R$ 3.108.328,48;REITORIA
fev/20;O objeto da presente licitação é a escolha da proposta mais vantajosa para a contratação de empresa para execução das obras de construção da Cobertura das Quadras no Campus Avançado Goioerê e no Campus Avançado Coronel Vivida.;2;R$ 950.399,24;REITORIA
jan/20;Construção de Bloco Didático do IFPR -  Campus Avançado Arapongas, sito na Gleba Ribeirão Bandeirantes do Norte, Parque Industrial, sem número, em Arapongas - PR, conforme condições, quantidades e exigências estabelecidas neste Edital e seus anexos.;1;R$ 1.588.614,39;LONDRINA
fev/20;Contratação de construção de Guarita e infraestrutura na Unidade Norte do IFPR -  Campus Londrina;1;R$ 409.900,28;LONDRINA
jan/20;O objeto da presente licitação é a escolha da proposta mais vantajosa para a contratação de serviços de Pavimentação do Estacionamento e Construção de Arquibancadas do IFPR -  Campus BARRACÃO, cito a Rodovia BR 163, n° 2115, Bairro Industrial, Barracão – PR. Cep. 85.700-000, conforme condições, quantidades e exigências estabelecidas neste Edital e seus anexos.;1;R$ 480.127,93;CAPANEMA
fev/20;Contratação de empresa especializada para ampliação da Quadra Coberta (Salas de Apoio, Vestiários e Urbanização) e Benfeitorias nas Instalações Elétricas do Campus Avançado Barracão - no município de Barracão - PR, conforme condições, quantidades e exigências estabelecidas neste instrumento e seus anexos, executado dentro das normas técnicas de construção e obedecendo aos desenhos e detalhes dos projetos arquitetônico, executivo e elétrico.;1;R$ 659.467,65;CAPANEMA
jan/20;O objeto da presente licitação é a escolha da proposta mais vantajosa para a contratação de empresa especializada para execução de obra de construção da Cobertura das Quadras no Campus Avançado Goioerê e no Campus Avançado Coronel Vivida.;2;R$ 950.399,03;UMUARAMA
jan/20;A contratação de empresa especializada para Ampliação da Quadra Coberta (Salas de Apoio, Vestiários e Urbanização)  do Campus Jaguariaíva - no município de Jaguariaíva - PR, conforme condições, quantidades e exigências estabelecidas neste instrumento e seus anexos, executado dentro das normas técnicas de construção e obedecendo aos desenhos e detalhes dos projetos arquitetônico, executivo e elétrico. ;1;R$ 499.297,73; JAGUARIAÍVA
jan/20;Contratação de empresa especializada para construção de cobertura para passarelas de interligação entre os blocos do Campus Paranavaí e para ampliação do estacionamento por meio de reforma que abrange pavimentação para estacionamento de motos e veículos, pintura para demarcação de vagas e drenagem dos bolsões de estacionamento, instalação de postes de iluminação e construção de depósito de lixo conforme condições, quantidades e exigências estabelecidas no Edital.;2;R$ 1.073.704,19;PARANAVAÍ
fev/20;Contratação de empresa especializada para construção de cobertura para passarelas de interligação entre os blocos do Campus Paranavaí e para ampliação do estacionamento por meio de reforma que abrange pavimentação para estacionamento de motos e veículos, pintura para demarcação de vagas e drenagem dos bolsões de estacionamento, instalação de postes de iluminação e construção de depósito de lixo conforme condições, quantidades e exigências estabelecidas no Edital.;2;R$ 1.073.704,19;PARANAVAÍ
jan/20;O objeto da presente licitação é a escolha da proposta mais vantajosa para a contratação de serviços de pavimentação, revitalização e colocação de passarela coberta do IFPR -  Campus Pinhais, sito à Rua Humberto de Alencar Castelo Branco, 1575 - Vila Amélia, Pinhais – PR. Cep.: 83.330-200, conforme condições, quantidades e exigências estabelecidas neste Edital e seus anexos.;1;R$ 407.088,68;PINHAIS
;;;;
ADESÃO;DESCRIÇÃO;QUANTIDADES DE ITENS LICITADOS;VALOR TOTAL HOMOLOGADO;UNIDADE RESPONSÁVEL
jan/20;Notebook (item 2), qtd. 22, pregão 15/2019 do órgão gerenciador 158139 - INST.FED.DE EDUC.,CIENC.E TEC.FLUMINENSE;1;R$ 100.100,00;BARRACÃO
fev/20;Desktop Dell EMC (item 2), qtd 13, pregão 14/2019 do órgão gerenciador 150150 - UNIVERSIDADE TECNOLOGICA FEDERAL DO PARANA;1;R$ 69.537,00;BARRACÃO
mar/20;Almoxarifado Virtual, pregão 02/2020 do órgão gerenciador 158137 - INST.FED.DE  EDUC., CIENC. E TEC. DO SUL DE MG;1;R$ 1.278.123,20;REITORIA
jan/20;Notebook, qtd. 22 (item 4), pregão 32/2019 do órgão gerenciador 153165 - UNIVERSIDADE FEDERAL RURAL DE PERNAMBUCO;1;R$ 156.750,00;CAPANEMA
;;;;
DISPENSA;DESCRIÇÃO;QUANTIDADES DE ITENS LICITADOS;VALOR TOTAL HOMOLOGADO;UNIDADE RESPONSÁVEL
jan/20;CONTRATAÇÃO DE SERVIÇOS DE FORNECIMENTO DE ENERGIA ELÉTRICA - Campus Pitanga;1;R$ 60.672,00;REITORIA
fev/20;CONTRATAÇÃO DE EMPRESA ESPECIALIZADA EM LOCAÇÃO E MANUTENÇÃO DE SANITÁRIO QUÍMICO PARA USO NO ESTACIONAMENTO DO IFPR - CAMPUS CURITIBA;1;R$ 5.520,00;REITORIA
mar/20;FORNECIMENTO DE ENERGIA ELÉTRICA PARA A TENDER AS NECESSIDADES DO CAMPUS UNIÃO DA VITÓR IA DO IFPR NO EXERCÍCIO DE 2020;1;R$ 102.000,00;REITORIA
abr/20;COMPRA DE PLACAS PARA SUBSTITUIÇÃO NO PISO ELEVADO.;1;R$ 16.984,00;REITORIA
mai/20;ESTIMATIVA DE DESPESA COM FORNECIMENTO DE ENERGIA ELÉTRICA PARA O CAMPUS AVANÇADO BARR ACÃO NO EXERCÍCIO DE 2020.;1;R$ 51.000,00;REITORIA
jun/20;CONTRATAÇÃO DE SERVIÇO DE FORNECIMENTO DE ENERGIA ELÉTRICA AO CAMPUS COLOMBO PARA O ANO/EXERCÍCIO 2020.;1;R$ 36.000,00;REITORIA
jul/20;CONTRATAÇÃO DE SERVIÇO DE FORNECIMENTO DE ENERGIA ELÉTRICA PARA O C. PINHAIS PARA O AN O/EXERCÍCIO 2020;1;R$ 81.600,00;REITORIA
ago/20;CONTRATAÇÃO DE SERVIÇO DE FORNECIMENTO DE ENERGIA ELÉTRICA.;1;R$ 72.000,00;REITORIA
set/20;COMPRA DE PLACAS DE PISO ELEVADO PARA SUBSTITUIÇÃO NO PISO NO EDIFÍCIO AROEIRA.;1;R$ 13.536,00;REITORIA
out/20;ESTIMATIVA DE DESPESA COM FORNECIMENTO DE ENERGIA ELÉTRICA PARA O CAMPUS CAPANEMA NO E XERCÍCIO DE 2020;1;R$ 102.000,00;REITORIA
nov/20;ÁGUA MINERAL NATURAL, POTÁVEL E NÃO GAS OSA, CONDICIONADA EM GARRAFÃO DE POLICARBON ATO DE 20 (VINTE) LITROS;1;R$ 3.099,00;REITORIA
dez/20;CONTRATAÇÃO DE EMPRESA ESPECIALIZADA NO TREINAMENTO TEÓRICO E PRÁTICO PARA POSSIBILITA R A FORMAÇÃO DE BRIGADA DE INCÊNDIO.;1;R$ 2.350,00;REITORIA
13/2020;AQUISIÇÃO DE PRODUTOS DESTINADOS AO ENFRENTAMENTO DA EMERGÊNCIA DE SAÚDE PÚBLICA DE IMPORTÂNCIA INTERNACIONAL DECORRENTE DO CORONAVÍRUS PARA O RETORNO DAS AULAS DAS UNIDADES DO IFP R E DAS ATIVIDADES ADMINISTRATIVAS, PARA ATENDI MENTO DAS NECESSIDADES DOS CAMPI DO IFPR.;10;R$ 120.768,20;REITORIA
14/2020;"SERVIÇOS DE CERTIFICAÇÃO DIGITAL E AQUISIÇÃO DE ""TOKENS"" PARA OS SERVIDORES DO CAMPUS UNIÃO DA VITÓRIA - IFPR";4;R$ 2.020,00;REITORIA
15/2020;CONTRATAÇÃO DE REMANESCENTE DE SERVIÇO PARA O POSTO DE LIMPEZA, CONSERVAÇÃO, HIGIENIZAÇÃO E COPEIRAGEM, EM CONSEQUÊNCIA DE RESCISÃO UNILATERAL DO CONTRATO N 22/2019 IFPR CAMPUS PITANGA, FIRMADO COM A EMPRESA EFATA EMPREENDIMENTOS EIRELI, ADVINDO DO PREGÃO ELETRÔNICO SRP N 23/2019.;1;R$ 42.662,00;REITORIA
16/2020;Contratação de seguro predial para o Campus Pitanga.;1;R$ 3.639,30;REITORIA
17/2020;Contratação de seguro predial para o Campus Capanema;1;R$ 3.016,54;REITORIA
18/2020;CONTRATAÇÃO DE EMPRESA ESPECIALIZADA NO TREINAMENTO TEÓRICO E PRÁTICO PARA POSSIBILITA R A FORMAÇÃO DE BRIGADA DE INCÊNDIO.;1;R$ 1.760,00;REITORIA
19/2020;Contratação de pessoa jurídica para prestação de serviços de desinsetização, desratização e limpeza;3;R$ 7.918,00;REITORIA
20/2020;Contratação de pessoa jurídica (remanescente) para a prestação de serviços contínuos de limpeza,;1;R$ 59.749,35;REITORIA
21/2020;Contratação de seguro predial para o Campus Jaguariaíva/IFPR.;1;R$ 5.799,78;REITORIA
22/2020;Serviços de corte e retirada de árvore derrubada, com transporte para recolhimento e descarte;1;R$ 1.200,00;REITORIA
23/2020;Teste para reunião Grupo de Trabalho Plano de Centralização das UASG.;1;R$ 0,01;REITORIA
24/2020;Contratação de Empresa Especializada em Seguro Predial. Campus Colombo - IFPR.;1;R$ 1.695,82;REITORIA
25/202;Contratação de empresa especializada em prestação de serviços de desinsetização, desratização, contr...;1;R$ 7.400,00;REITORIA
26/2020;Contratação de empresa especializada para a prestação de serviços de Seguro Predial, para o Campus U...;1;R$ 2.278,97;REITORIA
27/2020;Contratação de serviços de telefonia móvel pessoal – SMP, tráfego de dados na modalidade;4;R$ 597.600,00;REITORIA
28/2020;Contratação de manutenção corretiva/preventiva veicular.;1;R$ 4.014,00;REITORIA
29/2020;Contratação de Seguro Predial.;1;R$ 1.900,81;REITORIA
30/2020;Contratação de serviços de certificação digital, segundo as normas da ICP-BRASIL ;1;R$ 23.970,00;REITORIA
31/2020;Contratação de empresa especializada na prestação de serviços de instalação de controle de acesso;2;R$ 3.506,21;REITORIA
32/2020;MÁSCARA RESPIRATÓRIA PURIFICADOR DE AR - ESPECIFICA PFF2 OU N95 - COVID;1;R$ 347,60;REITORIA
33/2020;Contratação de seguro veicular.;1;R$ 1.906,17;REITORIA
34/2020;Contratação de Plataforma Online de Educação à Distância (EaD), com 50 acessos simultâneos e rotativ...;1;R$ 49.950,00;REITORIA
35/2020;Contratação de empresa para consertar a cobertura/telhado da edificação na Reitoria Vila Oficinas.;1;R$ 24.912,60;REITORIA
36/2020;Contratação de empresa especializada para prestação de serviços de seguro predial.;1;R$ 2.561,06;REITORIA
37/2020;A contratação de empresa especializada no planejamento, organização, impressão de material;1;R$ 267.000,00;REITORIA
38/2020;CONTRATAÇÃO DE EMPRESA ESPECIALIZADA PARA PRESTAÇÃO DE SERVIÇOS DE SEGURO VEICULAR;1;R$ 6.791,60;REITORIA
fev/20;Estimativa de despesas de energia elétrica do Campus Avançado Astorga;1;R$ 60.000,00;LONDRINA
mar/20;Contratação de empresa especializada em prestação de serviços de seguro predial.;1;R$ 2.454,49;LONDRINA
abr/20;Recarga de Extintores do IFPR Campus Avançado Astorga.;1;R$ 421,00;LONDRINA
jun/20;Serviço de fixação e instalação de painel metalon e arte em lona impressa(impressão digital 720 DPI ...;1;R$ 2.250,00;LONDRINA
jul/20;Aquisição de recargas de extintores, placas de sinalização e Serviço de instalação de luminárias;1;R$ 3.197,00;LONDRINA
ago/20;Serviço de manutenção e reparos em esquadrias metálicas(janelas) com substituição de peças;1;R$ 12.440,00;LONDRINA
set/20;Aquisição e contratação de itens para atividade de pesquisa científica, conforme projeto de pesquisa;38;R$ 497.125,47;LONDRINA
nov/20;Avental confeccionado em TNT (Tecido Não Tecido) ou Poliester, manga longa, elástico nos punhos;1;R$ 9.627,00;LONDRINA
dez/20;Aquisição de Material de Consumo para Montagem de Computador para pesquisa Covid IFPR Campus Londrina;7;R$ 7.525,07;LONDRINA
13/2020;Aquisição de Kits de alimentos para fornecer aos alunos do ensino médio do IFPR Campus Londrina.;1;R$ 8.391,08;LONDRINA
14/2020;Contratação de empresa especializada para aquisição de apólice de seguro predial;1;R$ 5.865,43;LONDRINA
15/2020;O presente Termo de Referência tem por objetivo a aquisição de kits de alimentação;1;R$ 4.355,88;LONDRINA
16/2020;quisição de Recarga de Extintores e Teste Hidrostático de Mangueira de Incêndio do IFPR;4;R$ 814,80;LONDRINA
17/2020;Contratação de Seguro Predial para o IFPR Campus Londrina Unidades Dom Bosco e Norte.;1;R$ 9.064,30;LONDRINA
18/2020;O presente Termo de Referência tem por objetivo a aquisição de kits de alimentação;1;R$ 4.575,87;LONDRINA
19/2020;Aquisição de (GLU1)-FIBRINOPEPTIDEO B para Pesquisa Covid 19 - Campus Londrina;1;R$ 3.768,00;LONDRINA
21/2020;Aquisição de cestas básicas de gêneros alimentícios da Agricultura Familiar ;1;R$ 3.566,48;LONDRINA
22/2020;Dispensa DE LICITAÇÃO PARA AQUISIÇÃO DE KITS DE ALIMENTAÇÃO A SEREM DISTRIBUÍDOS AOS ALUNOS DO IFPR ...;1;R$ 4.765,11;LONDRINA
23/2020;Contratação de empresa especializada na organização de evento intitulado AGROBIT BRASIL 2020;1;R$ 20.000,00;LONDRINA
24/2020;oken e Serviço de emissão, validação de Certificados Digitais do tipo A3, pessoa física (e-CPF),;1;R$ 750,00;LONDRINA
25/2020;Contratação de empresa especializada em emissão de certificação digital para renovação de acesso;1;R$ 870,00;LONDRINA
26/2020;Aquisição de Equipamentos Odontológicos IFPR Campus Londrina: DESCRIÇÃO DOS ITENS;2;R$ 2.309,00;LONDRINA
27/2020;Token do tipo A3, pessoa física (e-CPF), padrão ICP Brasil, com validade de 3 (três) anos.;1;R$ 560,00;LONDRINA
28/2020;Contratação de empresa para fornecimento e instalação de gradil tipo Eurocerca para cercamento ;1;R$ 16.120,00;LONDRINA
29/2020;Aquisição de SENSOR DIGITAL PARA TOMADAS RADIOGRÁFICAS ODONTOLÓGICAS para o IFPR Campus Londrina;1;R$ 9.990,00;LONDRINA
30/2020;Aquisição de material de consumo e permanente para Pesquisa Edital Chamada Pública 20/2018;1;R$ 7.783,74;LONDRINA
31/2020;Estimativa de despesa com energia elétrica do Campus Avançado Astorga,;1;R$ 60.000,00;LONDRINA
32/2020;Aquisição de material de pesquisa referente ao convênio firmado com a Fundação Araucária.;16;R$ 14.664,72;LONDRINA
33/202;Aquisição de material para pesquisa convênio Fundação Araucária;16;R$ 14.664,72;LONDRINA
34/2020;Contratação de serviços de roçagens para o campus avançado Astorga;1;R$ 14.426,80;LONDRINA
35/2020;Contratação de Serviço de Fornecimento de Energia Elétrica.;1;R$ 132.000,00;LONDRINA
37/2020;Contratação de Fundação de Apoio para execução de recursos financeiros captados através de Projeto ;1;R$ 49.000,00;LONDRINA
jan/20;Contratação direta para atender despesa com fornecimento de energia elétrica para o IFPR;1;R$ 152.600,00;ASSIS CHATEAUBRIAND
fev/20;Contratação de remanescente para a EXECUÇÃO DA OBRA DO LABORATÓRIO DE ELETROMECÂNICA - IFPR ;1;R$ 971.454,65;ASSIS CHATEAUBRIAND
mar/20;Contratação de empresa especializada na prestação de serviço de manutenção preventiva ;1;R$ 15.726,50;ASSIS CHATEAUBRIAND
abr/20;Aquisição de totem display personalizado para álcool gel.;1;R$ 2.900,00;ASSIS CHATEAUBRIAND
mai/20;Contratação de seguro predial para o IFPR - Campus Assis Chateaubriand com cobertura contra danos;1;R$ 5.050,66;ASSIS CHATEAUBRIAND
jun/20;Serviço de emissão, renovação e validação de Certificado Digital do tipo A3, pessoa física (e-CPF);2;R$ 2.153,00;ASSIS CHATEAUBRIAND
jul/20;Contratação de empresa especializada para prestação de serviço de readequação;1;R$ 745,50;ASSIS CHATEAUBRIAND
ago/20;Aquisição de gêneros alimentícios da Agricultura Familiar ou Empreendimento Familiar Rural;1;R$ 2.766,00;ASSIS CHATEAUBRIAND
set/20;Contratação de empresa prestadora de serviços de seguro para os veículos do IFPR;1;R$ 4.088,62;ASSIS CHATEAUBRIAND
out/20;Aquisição de kits de alimentação a serem distribuídos aos alunos do IFPR ;1;R$ 23.652,00;ASSIS CHATEAUBRIAND
jan/20;Contratação de serviços de certificação digital, segundo as normas da ICP-BRASIL;1;R$ 1.830,00;CAPANEMA
fev/20;Contratação de empresa especializada para fornecimento de extintores ABC com validade para 5 anos, ;13;R$ 10.680,00;CAPANEMA
mar/20;Contratação de empresa especializada para fornecimento de extintores ABC com validade para 5 anos;3;R$ 300,00;CAPANEMA
abr/20;Contratação de empresa especializada na prestação de serviços em seguro predial ;1;R$ 3.228,21;CAPANEMA
mai/20;Aquisição de totem personalizado para álcool em gel com acionamento por pedal,;1;R$ 6.400,00;CAPANEMA
jun/20;Estimativa de despesa com fornecimento de energia elétrica para o Campus Capanema;1;R$ 90.000,00;CAPANEMA
jul/20;stimativa de despesa com fornecimento de energia elétrica para o Campus Capanema ;1;R$ 90.000,00;CAPANEMA
jan/20;Contratação de empresa especializada para a prestação de serviços de Seguro Patrimonial;1;R$ 3.527,64;CAMPO LARGO
fev/20;Contratação de empresa especializada no fornecimento e emissão de certificados digitais (tokens);2;R$ 500,00;CAMPO LARGO
mar/20;Aquisição de açúcar cristal, embalagem 5kg;1;R$ 700,80;CAMPO LARGO
abr/20;Recarga de Extintores e Teste Hidrostático em Mangueiras;7;R$ 1.324,00;CAMPO LARGO
mai/20;Contratação de empresa especializada no treinamento teórico e prático ;1;R$ 8.390,00;CAMPO LARGO
jun/20;Aquisição de gêneros alimentícios para alimentação escolar FNDE/PNAE da agricultura familiar;5;R$ 19.235,16;CAMPO LARGO
jul/20;Aquisição de kits de alimentos para doação aos alunos matriculados no ensino médio regular e PROEJA ...;1;R$ 6.752,06;CAMPO LARGO
ago/20;Kit geração fotovoltaica sem painel e sem inversor;1;R$ 20.688,00;CAMPO LARGO
set/20;Kit geração fotovoltaica sem painel e sem inversor;1;R$ 20.688,00;CAMPO LARGO
out/20;Contratação de empresa especializada para o fornecimento de energia elétrica para o Campus Campo Largo;1;R$ 134.400,00;CAMPO LARGO
jan/20;Contratação de serviços de manutenção tratamento de água do poço artesiano;1;R$ 5.784,00;CASCAVEL
fev/20;Aquisição de papel toalha interfolhado 100% celulose virgem, branco, alta absorção;1;R$ 4.109,33;CASCAVEL
abr/20;Adequação no sistema de alarme e bomba de incêndio do IFPR Campus Cascavel;5;R$ 2.834,00;CASCAVEL
mai/20;Aquisição de insumos diversos, em caráter emergencial, para fabricação de álcool em gel para o IFPR;4;R$ 2.963,50;CASCAVEL
jun/20;Aquisição de recarga dos extintores de incêndio do IFPR Campus Avançado Quedas do Iguaçu.;2;R$ 820,00;CASCAVEL
jul/20;Contratação de empresa especializada para a prestação de serviços de Seguro Predial no IFPR ;1;R$ 3.408,16;CASCAVEL
ago/20;Contratação de empresa especializada para prestação de serviços de manutenção das áreas externa ;1;R$ 16.625,20;CASCAVEL
set/20;Aquisição de materiais para manutenção dos Laboratórios de Informática para o IFPR Campus Cascavel;11;R$ 1.956,95;CASCAVEL
out/20;Contratação de pessoa jurídica para prestação de serviços de desinsetização, desratização e limpeza;3;R$ 8.700,00;CASCAVEL
nov/20;Aquisição de impermeabilizante para manutenção parede Sala TI / EAD IFPR Cascavel;1;R$ 238,80;CASCAVEL
dez/20;Aquisição de insumos diversos destinados à limpeza, higienização e para fabricação de álcool em gel ;15;R$ 7.232,68;CASCAVEL
13/2020;Contratação de empresa especializada para prestação de serviços de montagem e instalação de armários;5;R$ 12.900,00;CASCAVEL
14/2020;Contratação de empresa especializada para recarga dos extintores de incêndio,;5;R$ 2.598,00;CASCAVEL
15/2020;Aquisição e instalação de forro para Cortinas para os laboratórios de Informática do IFPR ;2;R$ 4.747,20;CASCAVEL
16/2020;Contratação de empresa especializada em prestação de serviço de seguro predial para IFPR;1;R$ 4.333,81;CASCAVEL
17/2020;Contratação emergencial de empresa especializada para prestação de serviços de manutenção;2;R$ 6.780,00;CASCAVEL
18/2020;Aquisição de kits de alimentação (cestas básicas) a serem distribuídos aos alunos do IFPR ;1;R$ 15.633,43;CASCAVEL
19/2020;Contratação de empresa especializada na emissão de controladores de acesso tipo Token ;2;R$ 1.420,00;CASCAVEL
21/2020;Aquisição de quadro branco MEDINDO 1,50X 1,20 M para o IFPR Campus Cascavel.;1;R$ 467,66;CASCAVEL
22/2020;Aquisição de Bancadas fixas de trabalho para o Laboratório de Física do IFPR Campus Cascavel;1;R$ 3.999,00;CASCAVEL
23/2020;Contratação de empresa especializada na prestação de serviço de manutenção preventiva e corretiva ;1;R$ 8.340,00;CASCAVEL
24/2020;Contratação de empresa especializada para prestação de serviços de manutenção preventiva e corretiva;1;R$ 11.000,00;CASCAVEL
25/2020;Aquisição de totem display personalizado para álcool em gel com pedal, conforme demanda do IFPR;1;R$ 799,98;CASCAVEL
26/2020;Aquisição de cestas básicas (kit alimentos), com vistas a atender a necessidade dos discentes do IFPR;1;R$ 4.982,00;CASCAVEL
27/2020;Aquisição de Itens de consumo diversos para manutenção do Projeto horta e outros itens de manutenção;9;R$ 2.075,81;CASCAVEL
28/2020;Aquisição de equipamento de pesquisa para o IFPR Campus Cascavel, ;1;R$ 45.000,00;CASCAVEL
29/2020;Aquisição de peças de hardware para manutenção microcomputadores recebidos como doação ;3;R$ 27.547,10;CASCAVEL
30/2020;Aquisição bancos e mesas em concreto armado para reestruturação dos ambientes externos do IFPR;2;R$ 13.722,00;CASCAVEL
31/2020;Aquisição de Câmeras de monitoramento para o IFPR Campus Cascavel.;1;R$ 2.760,00;CASCAVEL
32/2020;Contratação de empresa especializada na prestação de serviço para manutenção de monitores;1;R$ 480,00;CASCAVEL
33/202;Aquisição de Itens de consumo diversos para manutenção do IFPR Campus Cascavel.;3;R$ 1.266,00;CASCAVEL
34/2020;Aquisição de kits de gêneros alimentícios da Agricultura Familiar e do Empreendedor Familiar Rural;1;R$ 6.565,64;CASCAVEL
35/2020;Estimativa de despesas com fornecimento de energia elétrica do IFPR;1;R$ 132.000,00;CASCAVEL
36/2020;Estimativa das despesas para o fornecimento de energia elétrica do IFPR;1;R$ 42.000,00;CASCAVEL
jan/20;Contratação de empresa especializada no treinamento teórico e prático;1;R$ 3.790,00;COLOMBO
jan/20;Fornecimento de energia elétrica para o IFPR Campus Avançado Coronel Vivida para exercício 2020.;1;R$ 36.000,00;PALMAS
fev/20;Aquisição direta de serviços de emissão, renovação e validação de certificado digital (com token);4;R$ 7.770,00;PALMAS
mar/20;Contratação de empresa especializada no fornecimento de água mineral sob demanda em vasilhame ;2;R$ 8.437,90;PALMAS
abr/20;Seguro veicular para atender a frota do IFPR do Campus Palmas.;2;R$ 4.622,00;PALMAS
jun/20;Aquisição de telhas para o Campus Palmas devido ao destelhamento por conta do vendaval;1;R$ 313,00;PALMAS
jul/20;AQUISIÇÃO DE TELHA TRANSLÚCIDA ONDULADA POLIPROPILENO 110 X 244 CM - ODULAÇÃO 6 MM;1;R$ 2.073,40;PALMAS
ago/20;AQUISIÇÃO CUMMEIRAS DE FIBROCIMENTO PARA TELHA ONDULADA - 6MM - 25 GRAUS OU UNIVERSAL;1;R$ 1.089,90;PALMAS
set/20;Aquisição direta aquisição de 100 (cem) TELHAS DE CIMENTO COPPO VENETO 42X33CM COR CINZA.;1;R$ 313,00;PALMAS
out/20;Aquisição de telha translúcida ondulada polipropileno 110 x 244 cm - ondulação 6 mm.;1;R$ 2.073,40;PALMAS
nov/20;Aquisição de cummeiras de fibrocimento para telha ondulada 6 mm - 25 graus ou universal.;1;R$ 1.089,90;PALMAS
dez/20;Aquisição sob demanda de gás de cozinha (GLP), botijão com 13 kg;1;R$ 1.917,00;PALMAS
13/2020;A aquisição do seguro para a frota com o objetivo de atender o IFPR - Campus Palmas.;1;R$ 5.575,00;PALMAS
14/2020;Aquisição de kits de alimentos referente ao PNAE.;1;R$ 28.034,56;PALMAS
15/2020;Central PABX híbrida analógica, digital e IP, com módulos para 4 linhas instalados e expansível;2;R$ 2.966,00;PALMAS
16/2020;Aquisição de Central PABX (entrega com instalação no local, configuração do equipamento ;1;R$ 80,00;PALMAS
17/2020;Aquisição de Central PABX (entrega com instalação no local, configuração do equipamento;1;R$ 290,00;PALMAS
18/2020;Aquisição de Central PABX (entrega com instalação no local, configuração do equipamento;1;R$ 150,00;PALMAS
19/2020;"Aquisição de central PABX	";2;R$ 2.966,00;PALMAS
20/2020;Serviço de Corretagem de Seguro para atender o Campus Palmas e Coronel Vivida;1;R$ 12.342,44;PALMAS
jan/20;Contratação - DE SERVIÇO DE DE MANUTENÇÃO EM 02 ELEVADORES - CAMPUS CURITIBA;1;R$ 6.000,00;CURITIBA
fev/20;Contratação de Empresa especializada em locação e manutenção de sanitário químico;1;R$ 5.520,00;CURITIBA
mar/20;Aquisição de cartão de identificação para controle de acesso;1;R$ 4.290,00;CURITIBA
abr/20;Contratação de empresa especializada em serviços de manutenção de catracas eletrônicas para o Campus.;1;R$ 5.940,00;CURITIBA
jul/20;Contratação de serviço de chaveiro para o Campus Curitiba - IFPR para ano 2020;15;R$ 5.582,70;CURITIBA
ago/20;Aquisição de carimbos para atender as demandas do Instituto Federal do Paraná;7;R$ 2.305,30;CURITIBA
set/20;ÁGUA MINERAL NATURAL, potável e não gasosa, condicionada em garrafão de policarbonato;1;R$ 9.800,00;CURITIBA
nov/20;Contratação de empresa especializada em serviço de elaboração de documento técnico de inspeção;1;R$ 2.890,00;CURITIBA
dez/20;Contratação de serviços de 03-(Três) - Certificação digital,Token e Serviço de emissão,;1;R$ 1.170,00;CURITIBA
13/2020;REGARGA DE BOTIJÃO P13 GLP (DE COZINHA) - botijões P13 fabricados conforme norma NBR 8614 da ABNT;1;R$ 4.140,00;CURITIBA
20/2020;Aquisição de 158 conjuntos escolares de 1 (uma) mesa e 1 (uma) cadeira, certificado pelo INMETRO;1;R$ 37.500,00;CURITIBA
21/2020;Aquisição de Fotômetros Medidor de Luz / Flashmate Light Meter ;1;R$ 3.667,56;CURITIBA
23/2020;Aquisição de gêneros alimentícios orgânicos da Agricultura Familiar e do Empreendedor Familiar Rural..;4;R$ 55.453,00;CURITIBA
24/2020;Contratação de serviço de impressão de fotos e emolduração de quadros para criação de galeria ;1;R$ 438,00;CURITIBA
25/2020;Aquisição de tabelas de basquete de padrão oficial para a quadra de esportes;1;R$ 9.250,91;CURITIBA
26/2020;Totens display personalizados com pedal para álcool em gel ;1;R$ 2.692,49;CURITIBA
27/2020;Aquisição de materiais de construção para construção das aréas de acesso aos novos laboratórios;5;R$ 3.170,72;CURITIBA
28/2020;Aquisição de 2 placas de inox para inauguração dos novos laboratórios do Campus Curitiba, ;1;R$ 1.230,00;CURITIBA
30/2020;Aquisição de 7 placas de sinalização visual para áreas internas do Campus Curitiba.;1;R$ 571,00;CURITIBA
31/2020;Aquisição de materiais laboratoriais e de proteção para o Eixo de Saúde do IFPR Campus Curitiba;6;R$ 17.046,92;CURITIBA
33/2020;Contratação de empresa especializada em seguro predial.;1;R$ 3.092,86;CURITIBA
34/2020;Contratação de licença semestral de Software de Simulação de Estratégia Empresarial ;1;R$ 1.600,00;CURITIBA
35/2020;Contratação de serviços de fornecimento de energia elétrica para o Campus Curitiba ;1;R$ 360.000,00;CURITIBA
36/2020;Contratação emergencial de empresa especializada para reforço/escoramento de um dos barracões do IFPR;1;R$ 139.419,32;CURITIBA
jan/20;Contratação de empresa especializada para renovação da apólice de seguro predial do Campus Foz do Iguaçu.;1;R$ 6.807,20;FOZ DO IGUAÇU
fev/20;Contratação de empresa especializada para realização de recarga de extintores e testes hidrostáticos do Campus Foz do Iguaçu.;5;R$ 2.352,00;FOZ DO IGUAÇU
mar/20;Contratação de empresa para fornecimento de kits de alimentos aos estudantes do Campus Foz do Iguaçu com recursos oriundos dos Programa Nacional de Alimentação escolar - PNAE, os quais atenderão a necessidade dos discentes e suas famílias que se encontram em situação de vulnerabilidade econômica durante o estado de calamidade pública devido a pandemia do novo coronavírus.;1;R$ 16.892,73;FOZ DO IGUAÇU
mai/20;Contratação de empresa para aquisição de arame farpado, tábuas de pinus e caixa d'água para o Campus Foz do Iguaçu.;3;R$ 933,03;FOZ DO IGUAÇU
jun/20;Contratação de empresa especializada para conserto da rede elétrica do Campus Foz do Iguaçu.;1;R$ 525,00;FOZ DO IGUAÇU
jul/20;Contratação de empresa para fornecimento de carpete para forração e piso emborrachado em PVC, conforme  demanda do Campus Foz do Iguaçu, de acordo com as especificações descritas no Termo de Referência.  ;2;R$ 1.972,16;FOZ DO IGUAÇU
ago/20;Contratação de empresa especializada para aquisição de totem display personalizado para álcool em gel com pedal para o Campus Foz do Iguaçu, de acordo com as especificações descritas no Termo de Referência.;1;R$ 1.599,96;FOZ DO IGUAÇU
set/20;Contratação de empresa para aquisição de tábuas de pinus para o Campus Foz do Iguaçu.;1;R$ 472,50;FOZ DO IGUAÇU
out/20;Aquisição de carpete para forração, para atender às necessidades do Campus Foz do Iguaçu, de acordo com as especificações descritas no Termo de Referência.;1;R$ 1.848,00;FOZ DO IGUAÇU
nov/20;Contratação de empresa especializada no serviço de reparo da rede subterrânea de hidrante de recalque do Bloco de Ensino do Campus Foz do Iguaçu, localizado na Avenida Araucária, 780 – Bairro Itaipu A, nas instalações do Instituto Federal do Paraná, com fornecimento de todos os materiais, mão de obra e demais equipamentos necessários à adequada execução do objeto.;1;R$ 31.251,00;FOZ DO IGUAÇU
dez/20;Contratação de empresa especializada no serviço de poda e retirada de árvores do Campus Foz do Iguaçu, localizado na Avenida Araucária, 780 – Bairro Itaipu A, nas instalações do Instituto Federal do Paraná, com fornecimento de todos os materiais, mão de obra e demais equipamentos necessários à adequada execução do objeto e conforme especificações técnicas e demais requisitos detalhados no Termo de Referência.;1;R$ 16.060,00;FOZ DO IGUAÇU
13/2020;Aquisição de kits de gêneros alimentícios advindos da agricultura familiar através de recursos oriundos do Programa Nacional de Alimentação Escolar – PNAE.;1;R$ 24.234,09;FOZ DO IGUAÇU
14/2020;Aquisição de materiais de consumo de infraestrutura, conforme demanda apresentada pelo Campus Foz do Iguaçu, de acordo com as especificações técnicas descritas no Termo de Referência.;6;R$ 8.034,79;FOZ DO IGUAÇU
15/2020;Contratação de empresa especializada na elaboração, implantação, acompanhamento e aprovação, junto à Secretaria de Meio Ambiente da Prefeitura Municipal de Foz do Iguaçu, do Plano de Gerenciamento de Resíduos Sólidos - PGRS do Campus Foz do Iguaçu, de acordo com as especificações técnicas e demais requisitos descritos no Termo de Referência.;1;R$ 9.940,00;FOZ DO IGUAÇU
16/2020;Contratação de médico veterinário, responsável técnico, para atendimento no biotério do Campus Foz do Iguaçu.;1;R$ 14.400,00;FOZ DO IGUAÇU
18/2020;Contratação de empresa especializada no fornecimento de produtos acabados e insumos necessários ao enfrentamento da emergência de saúde pública de importância internacional decorrente da propagação de COVID-19, enfermidade causada pelo novo coronavírus (Sars-Cov-2), para o retorno das atividades acadêmicas e administrativas presenciais do Campus Foz do Iguaçu, de acordo com as especificações técnicas descritas no Termo de Referência.;12;R$ 9.895,15;FOZ DO IGUAÇU
19/2020;Contratação de empresa para aquisição e instalação de cancela eletrônica automática para controle de entradas e saídas na portaria do Campus Foz do Iguaçu.;1;R$ 4.190,00;FOZ DO IGUAÇU
20/2020;Contratação de empresa especializada na produção e fornecimento de materiais gráficos com garantia de qualidade visando à produção por demanda de materiais destinados à promoção, difusão e popularização das campanhas e atividades desenvolvidas pelo Campus Foz do Iguaçu.;7;R$ 2.746,00;FOZ DO IGUAÇU
22/2020;Contratação de empresa especializada na manutenção dos equipamentos elétricos utilizados no Laboratórios;1;R$ 1.985,00;FOZ DO IGUAÇU
23/2020;Contratação de empresa especializada no fornecimento e instalação de vidro incolor, liso 3 MM e 6 MM;2;R$ 4.600,00;FOZ DO IGUAÇU
24/2020;Contratação de empresa para fornecimento de produtos destinados ao enfrentamento da emergência;3;R$ 10.177,50;FOZ DO IGUAÇU
25/202;Contratação de empresa especializada no treinamento teórico e prático para formação de brigada de incêndio;1;R$ 3.550,00;FOZ DO IGUAÇU
26/2020;"Contratação de empresa para apoio ao projeto de desenvolvimento institucional intitulado: ""Eficientização das Instalações do Instituto Federal do Paraná - Campus Foz do Iguaçu?""";1;R$ 32.608,86;FOZ DO IGUAÇU
jan/20;Aquisição de fonte de alimentação para câmeras de vigilância.;1;R$ 14,63;UMUARAMA
fev/20;Aquisição de equipamento e suprimentos para confecção de protetores faciais em prevenção e combate ao COVID-19;3;R$ 11.773,00;UMUARAMA
mar/20;Aquisição de cestas básicas (kit de alimentos) para doação à alunos matriculados no ensino médio regular do IFPR - Campus Umuarama.;1;R$ 16.435,40;UMUARAMA
abr/20;Aquisição de cestas básicas de gêneros alimentícios da Agricultura Familiar e do Empreendedor Familiar Rural, para o atendimento ao Programa Nacional de Alimentação Escolar – PNAE;1;R$ 13.728,12;UMUARAMA
mai/20;Aquisição de totem com display personalizado, dispensador de álcool em gel com pedal.;1;R$ 3.000,00;UMUARAMA
jun/20;Aquisição de dispositivos de operação e armazenamento de chaves criptográficas / Certificados Digitais – Token USB e  Serviço de emissão, renovação e validação de Certificados Digitais do tipo A3 para o Campus Umuarama e Goioerê.;2;R$ 1.708,00;UMUARAMA
ago/20;Aquisição de materiais para manutenção de bens imóveis para atender demanda do Campus Umuarama;24;R$ 3.472,40;UMUARAMA
set/20;Aquisição de tapetes em vinil sanitizantes para o enfrentetamento à transmissão do coronavírus, para os Campi Umuarama e Avançado Goioerê.;2;R$ 4.826,20;UMUARAMA
out/20;Aquisição de serviço de empresa especializada na realização de dedetização, desratização e limpeza de caixa d'água para o  Campus Umuarama;2;R$ 6.900,00;UMUARAMA
nov/20;Contratação especializada em serviços de reparação e manutenção para troca da cobertura do pátio central do Bloco Administrativo (projeto padrão) do Campus Avançado Goioerê do IFPR, situado na Rodovia Luiz Dechiche S/N, na cidade de Goioerê do estado do Paraná.;1;R$ 58.650,22;UMUARAMA
dez/20;Contratação de pessoa jurídica especializada na prestação de serviços de seguro predial - Conforme Termo de Referência.;1;R$ 6.668,93;UMUARAMA
13/2020;Contratação de pessoa jurídica especializada na prestação de serviços de seguro predial. ;1;R$ 2.894,02;UMUARAMA
14/2020;Contratação de pessoa jurídica para confecção, manutenção e instalação de trabalhos em granito, com o fornecimento de todos os materiais acessórios necessários à realização do serviço, com o objetivo de atender a demanda do IFPR - Campus Umuarama, conforme especificações descritas no termo de referência.;1;R$ 49.937,00;UMUARAMA
15/2020;Contratação de empresa especializada na prestação de serviços de manutenção preventiva e corretiva em aparelhos de ar condicionado, com o objetivo de atender a demanda do IFPR - Campus Umuarama, conforme especificações descritas no termo de referência.;1;R$ 15.060,00;UMUARAMA
16/2020;Aquisição de recargas para extintores de incêndio, com o objetivo de atender a demanda do IFPR - Campus Umuarama.;6;R$ 1.432,00;UMUARAMA
17/2020;A necessidade de aquisição de materiais laboratorial e serviços de tradução, adaptação, versão e revisão de texto científicos do idioma Português para o idioma Inglês, que serão utilizados no desenvolvimento das pesquisas do Mestrado em Sustentabilidade e com finalidade de submeter seus artigos em periódicos com Qualis CAPES.;2;R$ 6.117,00;UMUARAMA
18/2020;CONTRATAÇÃO DE SERVIÇO DE FORNECIMENTO DE ENERGIA ELÉTRICA PARA O EXERCÍCIO 2021 - IFPR Campus Umuarama;1;R$ 276.000,00;UMUARAMA
19/2020;Contratação de empresa especializada para execução de serviço de manutenção em ar condicionado para atender a demanda do Campus Avançado Goioerê, conforme condições, quantidades e exigências estabelecidas no Termo de Referência.;1;R$ 180,00;UMUARAMA
jan/20;Estimativa de despesa com fornecimento de energia elétrica para o IFPR Campus Irati no exercício de 2020.;1;R$ 95.507,00;IRATI
fev/20;Contratação de seguro auto para veículo da frota própria do IFPR, VW/Gol City 1.0, em uso pelo Campus Irati;1;R$ 898,33;IRATI
mar/20;Contratação de seguro empresarial predial para as instalações do IFPR Campus Irati.;1;R$ 5.001,00;IRATI
abr/20;Contratação de serviço de emissão, renovação e validação de Certificados Digitais do tipo A3, pessoa física (e-CPF), padrão ICP Brasil, com validade de 3 (três) anos;1;R$ 599,70;IRATI
mai/20;Serviço de adequação elétrica para finalização da instalação dos aparelhos de ar-condicionado, com aplicação de materiais - IFPR Campus Irati - Blocos A e B.;1;R$ 5.300,00;IRATI
jun/20;Aquisição de kits de alimentos não perecíveis (itens de mercado) destinada ao atendimento do Programa Nacional de Alimentação Escolar (PNAE), no âmbito do IFPR Campus Irati, conforme condições, quantidades e exigências estabelecidas no Termo de Referência dessa contratação.;1;R$ 25.701,48;IRATI
jul/20;Aquisição de bancos de praça com encosto vazado, fabricados em concreto, modelo K, que serão instalados nas dependências do campus Irati do Instituto Federal do Paraná.;1;R$ 9.750,00;IRATI
ago/20;Aquisição de totem personalizado para álcool em gel com acionamento por pedal, que serão dispostos nas dependências do campus Irati do Instituto Federal do Paraná.;1;R$ 2.700,00;IRATI
set/20;Chamada Pública para aquisição de gêneros alimentícios da Agricultura Familiar ou Empreendimento Familiar Rural, destinada ao atendimento do Programa Nacional de Alimentação Escolar (PNAE), no âmbito do IFPR Campus Irati, conforme condições, quantidades e exigências estabelecidas em Edital e seus anexos.;1;R$ 18.910,08;IRATI
out/20;Contratação de empresa especializada para prestação de serviços de desinsetização, desratização, controle de pombos, limpeza e desinfecção de caixas d’água e limpeza de reservatório de água para combate a incêndio, incluindo o fornecimento de produtos químicos e defensivos, utensílios, máquinas e equipamentos, bem como mão de obra qualificada, EPIs e material de consumo adequado, ao IFPR Campus Irati para o ano de 2020.;6;R$ 5.560,00;IRATI
nov/20;Contratação e manutenção (recarga e teste hidrostático) de extintores de incêndio e teste hidrostático das mangueiras de incêndio do IFPR do Campus Irati.;6;R$ 1.665,00;IRATI
jan/20;Aquisição de recargas de extintores para manutenção das medidas de segurança do IFPR Campus Ivaiporã, conforme especificações e quantitativos estabelecidos no Termo de Referência.;5;R$ 1.398,00;IVAIPORÃ
fev/20;Contratação direta de seguro predial, com fulcro no Inc. II, Art. 24 da Lei nº 8.666/93, com cobertura contra para incêndio, raio, explosão, vendaval, danos elétricos, subtração de bens, materiais, equipamentos eletrônicos e de laboratório, responsabilidade civil e quebra de vidros, com o objetivo de atender à demanda do IFPR - Campus Ivaiporã.;1;R$ 3.333,92;IVAIPORÃ
mar/20;Aquisição de dispositivos de operação e armazenamento de chaves criptográficas, Certificados Digitais Token USB.;1;R$ 310,00;IVAIPORÃ
abr/20;Aquisição de kits de alimentação a serem distribuídos aos alunos do IFPR - Campus Ivaiporã, conforme estudo de viabilidade para execução do Programa Nacional de Alimentação Escolar (PNAE) durante a pandemia do novo coronavírus (Itens não perecíveis).;1;R$ 12.034,98;IVAIPORÃ
mai/20;Aquisição de kits de gêneros alimentícios da Agricultura Familiar e do Empreendedor Familiar Rural, para atendimento ao Programa Nacional de Alimentação Escolar – PNAE ao Campus Ivaipora.;1;R$ 14.874,46;IVAIPORÃ
jun/20;Contratação direta de seguro predial com cobertura contra para incêndio, raio, explosão, vendaval, danos elétricos, subtração de bens, materiais, equipamentos eletrônicos e de laboratório, responsabilidade civil e quebra de vidros, com o objetivo de atender à demanda do IFPR - Campus Ivaiporã.;1;R$ 4.919,79;IVAIPORÃ
jul/20;Dispensa de Licitação para atender estimativa de despesas com energia elétrica do Campus Ivaiporã do Instituto Federal  do Paraná para o Exercício de 2021.;1;R$ 84.000,00;IVAIPORÃ
jan/20;Empenho para atender despesas com a contratação de serviços de fornecimento de energia elétrica para o Campus Jacarezinho, no exercício 2020.;1;R$ 157.776,00;JACAREZINHO
fev/20;Contratação de empresa especializada no fornecimento de Impressora 3D e filamento PLA.;2;R$ 9.590,35;JACAREZINHO
mar/20;Contratação de empresa especializada no fornecimento de insumos para atender a demanda de produção de álcool em gel para combate ao covid-19.;3;R$ 2.381,60;JACAREZINHO
abr/20;Contratação de empresa especializada no fornecimento de embalagens para armazenamento e distribuição de álcool em gel.;1;R$ 880,00;JACAREZINHO
mai/20;Contratação de empresa especializada no fornecimento de máquina de corte à laser.;1;R$ 33.800,00;JACAREZINHO
jun/20;Contratação de empresa especializada no fornecimento de folhas de acetato A3, 30 micras.;1;R$ 1.925,00;JACAREZINHO
jul/20;Contratação de empresa especializada no fornecimento de insumos para atender a demanda de produção de álcool em gel para combate ao covid-19.;3;R$ 4.256,00;JACAREZINHO
ago/20;Contratação de empresa especializada no fornecimento de filamento petg para impressora 3d para confecção de máscaras.;1;R$ 862,51;JACAREZINHO
set/20;Contratação de empresa especializada na emissão de certificados digitais A3 - com validade de 03 anos.;1;R$ 1.316,00;JACAREZINHO
out/20;Contratação de empresa especializada na prestação de serviços de roçagem de áreas verdes, para atender a demanda do IFPR - Campus Jacarezinho - 90.000 m²;1;R$ 9.000,00;JACAREZINHO
nov/20;Contratação de empresa especializada na prestação de serviços de desinsetização, desratização e limpeza de caixa d´água, para atender a demanda do IFPR - Campus Jacarezinho.;3;R$ 8.640,00;JACAREZINHO
dez/20;Contratação de pessoa jurídica especializada no fornecimento de apólice de seguro predial, para atender a demanda do IFPR Campus Jacarezinho.;1;R$ 8.841,19;JACAREZINHO
13/2020;Contratação de pessoa jurídica especializada na prestação de serviço de manutenção e reparo de danos nas estruturas do Campus Jacarezinho do IFPR.;1;R$ 23.719,49;JACAREZINHO
14/2020;Contratação de empresa especializada no fornecimento de embalagens plásticas para armazenamento de álcool em gel.;1;R$ 823,65;JACAREZINHO
15/2020;Contratação de empresa especializada no fornecimento de embalagens plásticas para armazenamento de álcool em gel.;2;R$ 823,65;JACAREZINHO
16/2020;Contratação de empresa especializada no fornecimento de recarga para extintores de incêndio, para atender a demanda do IFPR - Campus Jacarezinho;6;R$ 1.629,00;JACAREZINHO
17/2020;Contratação de empresa especializada no fornecimento de equipamento de bomba d'água para o sistema de captação de água pluvial do IFPR - Campus Jacarezinho;1;R$ 1.250,00;JACAREZINHO
18/2020;Contratação de empresa especializada no fornecimento de material elétrico para atender a demanda do IFPR - Campus Jacarezinho.;35;R$ 15.213,37;JACAREZINHO
19/2020;Contratação de empresa especializada na prestação de serviços de manutenção em aparelhos de ares condicionados. Contratação necessária para atender a demanda de infraestrutura do IFPR - Campus Jacarezinho.;7;R$ 9.897,14;JACAREZINHO
20/2020;Aquisição de kit de alimentos não perecíveis, destinado ao atendimento do Programa Nacional de Alimentação Escolar (PNAE), no âmbito do IFPR - Campus Jacarezinho.;1;R$ 22.828,80;JACAREZINHO
21/2020;Chamada pública para aquisição de gêneros alimentícios da agricultura familiar, destinado ao atendimento do Programa Nacional de Alimentação Escolar (PNAE), no âmbito do IFPR - Campus Jacarezinho;1;R$ 16.875,68;JACAREZINHO
22/2020;Aquisição de kit de alimentos não perecíveis, destinado ao atendimento do Programa Nacional de Alimentação Escolar (PNAE), no âmbito do IFPR - Campus Jacarezinho.;4;R$ 22.828,80;JACAREZINHO
23/2020;Empenho para atender despesas com a contratação de serviços de fornecimento de energia elétrica para o Campus Jacarezinho, no exercício 2020.;1;R$ 162.000,00;JACAREZINHO
jan/20;Contratação especializada em em serviços de reparação e manutenção para troca da cobertura do pátio central do bloco administrativo (projeto padrão) do Campus Jaguariaíva, situado na avenida eloa martins passos félix,rodovia 151, na cidade de jaguariaíva.;1;R$ 58.650,22;JAGUARIAÍVA
fev/20;"O projetor 4.000 lumens hdmi/usb. características: lens control?: manual zoom and focus?; tecnologia?: dlp single 0.55"""" xga?; resolução nativa?: 1024x768 pixels?; brilho?: 4,000 ansi lumens?; contraste?: 20000:1?; quantidade de cores?: 1.07 bilhões de cores?; lentes?: zoom manual e foco?; índice de projeção?: 1.96~2.15? - zoom?: 1.1x?; ajuste de keystone?: vert";1;R$ 2.860,00;JAGUARIAÍVA
jan/20;Contratação de pessoa jurídica para prestação de serviços de desinsetização, desratização e limpeza de caixas d'água ao IFPR - Campus Paranaguá para o ano de 2020.;3;R$ 6.000,00;PARANAGUÁ
fev/20;Contratação de serviços de disponibilização pela Associação Brasileira de Editores Científicos (ABEC BRASIL) de DOI (Digital Object Identifier) necessários à regular publicação dos textos científicos da Revista Mundi IFPR.;1;R$ 1.724,00;PARANAGUÁ
abr/20;Aquisição de equipamentos e materiais necessários à Fabricação de máscaras de proteção facial com estrutura construída por impressão em 3D, com vistas à combater a propagação do coronavírus (COVID-19.;3;R$ 15.847,00;PARANAGUÁ
mai/20;Contratação de pessoa jurídica para publicação em jornal de grande circulação na cidade de Paranaguá de edital de citação de envolvidos em processo.;1;R$ 400,00;PARANAGUÁ
jun/20;Contratação de empresa especializada para prestação de serviços de manutenção das áreas externas do Campus Paranaguá, incluindo a limpeza de cobertura galvanizada externa, pintura de meio fio e demarcação de vagas de estacionamento, roçada e capinagem de áreas verdes e poda de flores, árvores e arbustos.;4;R$ 16.590,00;PARANAGUÁ
jul/20;Contratação de pessoa jurídica especializada na prestação de serviços de seguro predial para atender a demanda do Instituto Federal do Paraná - Campus Paranaguá;1;R$ 3.366,78;PARANAGUÁ
ago/20;Contratação de serviços de disponibilização pela Associação Brasileira de Editores Científicos (ABEC BRASIL) de DOI (Digital Object Identifier) necessários à regular publicação dos textos científicos da Revista Mundi IFPR.;1;R$ 2.002,88;PARANAGUÁ
set/20;Aquisição de gêneros alimentícios da Agricultura Familiar e do Empreendedor Familiar Rural, para o atendimento ao Programa Nacional de Alimentação Escolar – PNAE.;1;R$ 8.781,76;PARANAGUÁ
out/20;Aquisição de gêneros alimentícios da Agricultura Familiar e do Empreendedor Familiar Rural, para o atendimento ao Programa Nacional de Alimentação Escolar – PNAE.  ;2;R$ 7.437,66;PARANAGUÁ
nov/20;Aquisição de gêneros alimentícios da Agricultura Familiar e do Empreendedor Familiar Rural, para o atendimento ao Programa Nacional de Alimentação Escolar – PNAE.  ;4;R$ 6.526,05;PARANAGUÁ
dez/20;Aquisição de gêneros alimentícios da Agricultura Familiar e do Empreendedor Familiar Rural, para o atendimento ao Programa Nacional de Alimentação Escolar – PNAE.;1;R$ 8.781,76;PARANAGUÁ
13/2020;Aquisição de totens para álcool gel com pedal, dimensões mínimas: 250 x 1150 mm (l x a), estrutura tubular em aço, com tratamento antiferrugem e pintura epóxi, cor verde. Deve possuir pedal para acionamento pelo pé sem tocar as mãos, abertura fácil para retirada e reposição do frasco de álcool em gel para frasco de no mínimo 500 ml.;1;R$ 3.736,98;PARANAGUÁ
14/2020;"Aquisição de instrumentos musicais e acessórios ao Núcleo de Arte e Cultura, com vistas à oferta de curso FIC ""Músico de Banda"" e suporte ao projeto ""Oficinas de música e formação de banda"" do Campus Paranaguá do Instituto Federal do Paraná.";4;R$ 17.629,99;PARANAGUÁ
15/2020;Contratação de pessoa jurídica para realização de recargas e teste hidrostático de extintores de incêndio e testes hidrostáticos de mangueiras de incêndio do Instituto Federal do Paraná - Campus Paranaguá.;9;R$ 4.540,00;PARANAGUÁ
16/2020;Contratação de pessoa jurídica para prestação de serviços de revisão ortográfica, diagramação e tradução (para o Inglês) de livro escrito e organizado pelo corpo docente do Programa de Pós-graduação em Ciência, Tecnologia e Sociedade (PPGCTS) do Instituto Federal do Paraná - Campus Paranaguá.;1;R$ 8.600,00;PARANAGUÁ
18/2020;Contratação de Serviço de fornecimento de energia elétrica para atender o Campus Paranaguá do IFPR no exercício de 2021.;1;R$ 300.000,00;PARANAGUÁ
jan/20;Contratação de serviços de energia elétrica.;1;R$ 240.000,00;PARANAVAÍ
mar/20;Aquisição de material para possibilitar a fabricação de álcool gel para enfrentamento da COVID-19.;1;R$ 11.495,00;PARANAVAÍ
abr/20;Aquisição de equipamento para possibilitar a fabricação de álcool 70% INPM gel e líquido para enfrentamento da COVID-19.;1;R$ 2.990,00;PARANAVAÍ
mai/20;Aquisição de material para possibilitar a fabricação de álcool gel para enfrentamento da COVID-19.;2;R$ 985,97;PARANAVAÍ
jun/20;Aquisição de insumos para fabricação de álcool gel para enfrentamento da COVID-19.;2;R$ 1.145,40;PARANAVAÍ
jul/20;Aquisição de equipamento para possibilitar a fabricação de álcool gel para enfrentamento da COVID-19.;1;R$ 3.334,50;PARANAVAÍ
ago/20;Aquisição de material para possibilitar a fabricação de álcool gel para enfrentamento da COVID-19.;1;R$ 1.049,75;PARANAVAÍ
set/20;Aquisição de insumos para produção de mascaras de proteção, tipo Face Shield, para enfrentamento da COVID-19.;1;R$ 1.798,60;PARANAVAÍ
out/20;Aquisição de kits de alimentos para distribuição aos estudantes do Campus Paranavaí durante a pandemia COVID-19.;1;R$ 12.526,35;PARANAVAÍ
nov/20;Aquisição de equipamento para possibilitar a fabricação de álcool gel para enfrentamento da COVID-19.;2;R$ 1.086,00;PARANAVAÍ
dez/20;Aquisição de equipamento para possibilitar a fabricação de álcool gel para enfrentamento da COVID-19.;1;R$ 2.000,00;PARANAVAÍ
13/2020;Aquisição de equipamento para aquisição de insumos para fabricação de máscaras do tipo Face Shield destinadas para doação aos agentes de saúde pública do município para enfrentamento da COVID-19.;1;R$ 2.414,54;PARANAVAÍ
14/2020;Aquisição de equipamento para possibilitar a fabricação de álcool gel para enfrentamento da COVID-19.;1;R$ 258,00;PARANAVAÍ
15/2020;Contratação de empresa especializada para execução de serviço de recapeamento do acesso e estacionamento de pavimentação asfáltica em CBUQ existente do Campus Paranavaí.;1;R$ 98.598,20;PARANAVAÍ
16/2020;Aquisição de kit alimentação para distribuição aos alunos do IFPR - Campus Paranavaí;1;R$ 13.993,40;PARANAVAÍ
18/2020;A presente cotação eletrônica tem por objetivo a aquisição de material de limpeza (detergente líquido, neutro, embalagem de 500ml) na quantidade de 700 unidades, para utilização nos laboratórios do IFPR - Campus Paranavaí.;1;R$ 1.060,00;PARANAVAÍ
22/2020;Aquisição de kits de alimentação a serem distribuídos aos alunos do IFPR - Campus Paranavaí,  diretamente da Agricultura Familiar e do Empreendedor Familiar Rural para execução do Programa Nacional de Alimentação Escolar (PNAE) durante a pandemia COVID-19.;1;R$ 26.608,20;PARANAVAÍ
23/2020;Teste para reunião Grupo de Trabalho Plano de Centralização das UASG.;1;R$ 0,01;PARANAVAÍ
24/2020;Aquisição de placas de identificação de localidade para as salas e laboratórios do campus.;5;R$ 7.470,20;PARANAVAÍ
25/2020;Aquisição de recargas de extintores de incêndio dos blocos do campus.;5;R$ 1.481,00;PARANAVAÍ
26/2020;Aquisição de kits de alimentação escolar para os estudantes devido ao desenvolvimento atividades de ensino não presenciais em razão da medidas de afastamento para contenção da propagação da COVID-19.;1;R$ 29.005,50;PARANAVAÍ
27/2020;Contratação de seguro predial para as instalações do campus.;1;R$ 3.521,69;PARANAVAÍ
28/2020;Aquisição de recarga de gás GLP para abastecimento dos laboratórios de química, alimentos e microbiologia para o Campus Paranavaí.;1;R$ 1.450,00;PARANAVAÍ
29/2020;"Serviços de manutenção preventiva e calibração, com análise prévia de defeitos, desgastes e sensibilidade de componentes; inspeção de componentes/acessórios; e verificação da calibração antes dos ajustes a serem procedidos no equipamento: Viscosímetro, modelo: 10IDV3TELV110/220V, série 8731884";1;R$ 3.455,00;PARANAVAÍ
30/2020;Aquisição de móveis planejados para estruturação das instalações do laboratório de Química para atender às necessidades do Eixo de Química;1;R$ 49.990,00;PARANAVAÍ
31/2020;Aquisição de divisórias e instalação de paredes de gesso acartonado nos laboratórios;2;R$ 5.700,00;PARANAVAÍ
32/2020;Aquisição de 01 (uma) unidade do item MESA DE SOM COM 12 CANAIS, para atender às necessidades do IFPR - Campus Paranavaí;1;R$ 1.740,00;PARANAVAÍ
33/2020;Contratação de serviços de manutenção corretiva de equipamento de laboratório (bomba de vácuo) para atender às necessidades do Eixo de Química.;1;R$ 280,00;PARANAVAÍ
34/2020;Aquisição de Equipamentos e Materiais para Automação de Portão de Acesso do Campus Paranavaí.;13;R$ 7.490,23;PARANAVAÍ
35/2020;Aquisição de peças e serviços para manutenção Corretiva e Preventiva Cancelas da Guarita do Campus Paranavaí;3;R$ 1.004,00;PARANAVAÍ
36/2020;Aquisição de Peças e Serviços para Manutenção, Conservação e Instalação de Ares Condicionados do Campus Paranavaí.;16;R$ 36.180,00;PARANAVAÍ
jan/20;O presente Termo de Referência tem por objetivo a aquisição de kits de alimentação a serem distribuídos aos alunos do IFPR - Campus Pinhais, conforme estudo de viabilidade para execução do Programa Nacional de Alimentação Escolar (PNAE) durante a pandemia do novo coronavírus, o qual encontra-se instruídos aos autos do Processo Administrativo 23411.005682/2020-62.;8;R$ 6.148,80;PINHAIS
fev/20;Totem display personalizado para álcool gel com pedal.Display personalizado para álcool em gel, estrutura tubular em aço, com tratamento antiferrugem e pintura epóxi. Possui pedal para acionamento pelo pé sem tocar as mãos. Abertura fácil para retirada e reposição do frasco de álcool em gel. Para frasco de no mínimo 500ml. ;1;R$ 2.360,00;PINHAIS
abr/20;Aquisição de gêneros alimentícios da agricultura familiar para atendimento ao Programa Nacional de Alimentação Escolar – PNAE.;15;R$ 1.291.500,00;PINHAIS
mai/20;Aquisição de glicerina para produção de álcool em gel pelo IFPR - campus Pinhais;1;R$ 323,22;PINHAIS
jun/20;Bombona 5l natural retangular tampa rosca lacre;1;R$ 44,00;PINHAIS
jul/20;O objeto deste processo é a contratação de empresa especializada no treinamento teórico e prático para possibilitar a Formação de Brigada de Incêndio de acordo com a legislação em vigor para atender o Instituto Federal do Paraná - Campus Pinhais.;1;R$ 2.980,00;PINHAIS
set/20;Placas de sinalização para demarcação das áreas de circulação do Campus Pinhais para prevenção e combate à COVID-19;4;R$ 434,00;PINHAIS
out/20;Aquisição de gêneros alimentícios orgânicos da Agricultura Familiar e do Empreendedor Familiar Rural, para o atendimento ao Programa Nacional de Alimentação Escolar Pnae.;15;R$ 12.915,00;PINHAIS
dez/20;Material de Limpeza e Produtos de Higienização - TAPETES SANITIZANTES EM VINIL.;2;R$ 3.105,90;PINHAIS
13/2020;Aquisição de Álcool etílico 92,8 INPM (96° GL) para o Campus Pinhais do IFPR;1;R$ 2.900,00;PINHAIS
14/2020;Aquisição de Trietanolamina pa.número de referência química CAS 102-71-6. Neon para o Campus Pinhais do IFPR;1;R$ 751,73;PINHAIS
16/2020;Aquisição de 6 unidades de esguicho regulável para mangueira de incêndio.;1;R$ 568,80;PINHAIS
17/2020;Contratação de empresa especializada em serviços de emissão de certificados digitais.;1;R$ 390,00;PINHAIS
19/2020;Aquisição de CARBOXIMETILCELULOSE SAL SODICO (VISC.1000/2000CP) para o Campus Pinhais do IFPR - 19 Frascos de 500g;1;R$ 1.045,00;PINHAIS
22/2020;Aquisição de Álcool etílico 92,8 INPM (96° GL) para o Campus Pinhais do IFPR;1;R$ 4.749,87;PINHAIS
23/2020;Aquisição de Álcool etílico 92,8 INPM (96° GL) para o Campus Pinhais do IFPR;1;R$ 4.749,87;PINHAIS
24/2020;Aquisição de barreiras de acrílico para distribuição aos diversos setores do Campus Pinhais como forma de prevenção e enfrentamento à COVID-19.;2;R$ 2.850,00;PINHAIS
27/2020;Aquisição de Serviços de Chaveiro para o Campus Pinhais do IFPR;1;R$ 1.320,00;PINHAIS
28/2020;Portão eletrônico (todos os equipamentos e materiais necessários para instalação, tais como: interfone, acessórios, motor) e instalação (mão-de-obra).;1;R$ 4.410,00;PINHAIS
31/2020;Contratação de empresa especializada na instalação de mobiliário para laboratório de química com fornecimento de materiais e mão de obra necessários para execução da prestação de serviço para o IFPR – Campus Pinhais.;1;R$ 23.494,90;PINHAIS
32/2020;"Aquisição de ""luva"" e ""tê"" em PVC para realização de conserto no campus Pinhais.";2;R$ 200,00;PINHAIS
33/2020;"Aquisição de tubo 100mm e ""joelho"" em PVC para realização de conserto no campus Pinhais.";2;R$ 1.537,90;PINHAIS
34/2020;Contratação de Serviços de Troca de Janela para o Campus Pinhais do IFPR;1;R$ 8.600,00;PINHAIS
35/2020;Contratação de fundação de apoio para gerir os recursos recebidos por meio de projeto selecionado em chamada pública pela COPEL, PEE 002 - 2019.;1;R$ 17.979,36;PINHAIS
jan/20;Aquisição de cestas básicas (kit de alimentos) para doação à alunos matriculados no ensino médio regular do IFPR - Campus Pitanga.;1;R$ 14.664,72;PITANGA
fev/20;Contratação de pessoa jurídica para fornecimento de recarga de extintores para o IFPR - Campus Pitanga.;5;R$ 848,00;PITANGA
mar/20;Aquisição de cestas básicas de gêneros alimentícios da Agricultura Familiar e do Empreendedor Familiar Rural, para o atendimento ao Programa Nacional de Alimentação Escolar - PNAE;1;R$ 47.222,28;PITANGA
abr/20;Aquisição de cestas básicas de gêneros alimentícios da Agricultura Familiar e do Empreendedor Familiar Rural, para o atendimento ao Programa Nacional de Alimentação Escolar - PNAE;1;R$ 47.222,28;PITANGA
mai/20;Contratação de empresa especializada na organização e realização do I Torneio sul brasileiro de LOL dos Institutos Federais.;1;R$ 11.010,00;PITANGA
jun/20;Dispensa de Licitação para atender estimativa de despesas com energia elétrica do Campus Pitanga do Instituto Federal do Paraná para o Exercício de 2021.;1;R$ 96.000,00;PITANGA
jan/20;A manutenção predial pretendida visa executar um conjunto de atividades para garantir plena capacidade e condições de funcionamento contínuo, seguro e confiável dos ambientes de trabalho institucional, preservando as características e desempenhos, mantendo o estado de uso ou de operação, bem como na recuperação deste estado, e ainda manter o patrimônio do Instituto Federal do Paraná - Campus Telêmaco Borba.;16;R$ 8.938,88;TELÊMACO BORBA
fev/20;A aquisição se justifica para manter o abastecimento de café e açúcar, destinado para atender a demanda dos servidores, prestadores de serviço e visitantes desta instituição. ;3;R$ 1.869,99;TELÊMACO BORBA
mar/20;A aquisição de ANILHA PARA CABO DE AÇO, CABO DE AÇO POLIDO E CLIPS PARA DE AÇO para a manutenção e conservação dos portões laterais tendo em vista a necessidade da sua ampla utilização. A aquisição de ISCA PARA FORMIGAS é necessária para o controle das formigas cortadeiras que danificam o gramado e paisagismo do campus. E a aquisição do RESERVATÓRIO PARA SABONETE é impreterivelmente necessários ao combate do COVID-19 para garantia da saúde dos funcionários do campus.  ;5;R$ 2.454,38;TELÊMACO BORBA
abr/20;Contratação de Seguro Predial;1;R$ 4.000,00;TELÊMACO BORBA
mai/20;Certificado e-CPF A3, validade 36 meses.;1;R$ 164,50;TELÊMACO BORBA
jul/20;Implantação de núcleo de pesquisa, desenvolvimento e formação técnica para a Indústria 4.0 - IFPR Campus Telêmaco Borba”, que visa a Criação do Núcleo de Pesquisa e Desenvolvimento e um espaço Maker 4.0 no IFPR - Telêmaco Borba para analisar, capacitar, difundir a produção de tecnologias no Brasil, com base em estudos e projetos no escopo da Indústria 4.0.;4;R$ 49.959,80;TELÊMACO BORBA
ago/20;Implantação de núcleo de pesquisa, desenvolvimento e formação técnica para a Indústria 4.0 - IFPR Campus Telêmaco Borba”, que visa a Criação do Núcleo de Pesquisa e Desenvolvimento e um espaço Maker 4.0 no IFPR - Telêmaco Borba para analisar, capacitar, difundir a produção de tecnologias no Brasil, com base em estudos e projetos no escopo da Indústria 4.0.;3;R$ 29.705,00;TELÊMACO BORBA
set/20;Implantação de núcleo de pesquisa, desenvolvimento e formação técnica para a Indústria 4.0 - IFPR Campus Telêmaco Borba”, que visa a Criação do Núcleo de Pesquisa e Desenvolvimento e um espaço Maker 4.0 no IFPR - Telêmaco Borba para analisar, capacitar, difundir a produção de tecnologias no Brasil, com base em estudos e projetos no escopo da Indústria 4.0.;1;R$ 45.450,00;TELÊMACO BORBA
jan/20;Contratação de empresa especializada para Recarga de Extintores ABC 4KG e CO2 6KG, Ensaio Hidrostático de Cilindros de Exntintor de Incêndio, fornecimento de mangueira de incêndio, fornecimento e carga de botijão de gás GLP P13 e recarga de botijão GLP P45.;7;R$ 3.109,00;UNIÃO DA VITÓRIA
fev/20;Contratação de empresa especializada em serviço comum de engenharia para reparo e recomposição das áreas afetadas por desabamento de estrutura na quadra de esportes do Campus União da Vitória;1;R$ 44.373,98;UNIÃO DA VITÓRIA
mar/20;Contração de empresa especializada na prestação de treinamento teórico e prático para possibilitar a Formação de Brigada de Incêndio.;1;R$ 3.000,00;UNIÃO DA VITÓRIA
;;;;
INEXIGIBILIDADE;DESCRIÇÃO;QUANTIDADES DE ITENS LICITADOS;VALOR TOTAL HOMOLOGADO;UNIDADE RESPONSÁVEL
jan/20;CONTRATAÇÃO DE SERVIÇOS DE FORNECIMENTO DE ÁGUA E ESGOTO - CAMPUS PITANGA;1;R$ 12.000,00;REITORIA
fev/20;"FORNECIMENTO DE ÁGUA PARA ATENDER AS NECESSIDADES
 DO CAMPUS UNIÃO DA VITÓRIA DO IFPR N O EXERCÍCIO DE 2020";1;R$ 15.600,00;REITORIA
mar/20;CONTRATAÇÃO DE SERVIÇO DE FORNECIMENTO DE ÁGUA TRATADA E ESGOTO DO C. COLOMBO PARA O A NO/EXERCÍCIO 2020;1;R$ 21.600,00;REITORIA
abr/20;ESTIMATIVA DE DESPESA COM FORNECIMENTO DE ÁGUA E COLETA DE ESGOTO PARA O CAMPUS AVANÇA DO BARRACÃO NO EXERCÍCIO DE 2020;1;R$ 9.000,00;REITORIA
mai/20;CONTRATAÇÃO DE SERVIÇO DE FORNECIMENTO DE ÁGUA TRATADA E ESGOTO PARA O CAMPUS PINHAIS PARA O ANO/EXERCÍCIO 2020;1;R$ 7.200,00;REITORIA
jun/20;DESPESAS DE CONDOMÍNIO DO EDIFÍCIO AROE IRA, LOCADO PELO IFPR PARA FUNCIONAR COMO SEDE DA REITORIA;1;R$ 9.500,00;REITORIA
jul/20;"CONTRATAÇÃO DE SERVIÇO DE FORNECIMENTO DE ÁGUA E COLETA DE ESGOTO SANITÁRIO AO CAMPUS JAGUARIAÍVA PARA O 
 ANO/EXERCÍCIO 2020.";1;R$ 24.000,00;REITORIA
ago/20;SOLICITAÇÃO DE REGISTRO DE EMPENHO REFE RENTE A PAGAMENTO DE TAXA DE INSCRIÇÃO PARA O C URSO DE REFORMA DA PREVIDÊNCIA - EMENDA CONSTIT UCIONAL N 103/2019 - APLICADA AOS SISTEMAS SIA PE E SIAPECAD;1;R$ 2.500,00;REITORIA
set/20;AQUISIÇÃO DE NÚMEROS DE INTERNACIONAL STANDART BOOK NUMBER - ISBN PARA ATENDER DEMANDAS DA EDITORA IFPR E VISANDO VIABILIZAR O PROCESSO EDITORIAL DA EDITORA IFPR;1;R$ 660,00;REITORIA
out/20;COMPLEMENTO PARA O PAGAMENTO DE SERVIÇOS DE FORNECIMENTO DE ÁGUA E ESGOTO PARA O EXERCÍCIO DE 2020 - DSEAD/IFPR;1;R$ 36.000,00;REITORIA
nov/20;CONTRATAÇÃO DE SERVIÇOS DE PESSOA JURÍD ICA DE IMPLANTAÇÃO, SUPORTE, MANUTENÇÃO E DE LI CENÇA DE USO DOS SISTEMAS DE EXTRAÇÃO E GESTÃO ESTRATÉGICA DE INFORMAÇÕES, QUANTITATIVAS E QUA LITATIVAS, DA PRODUÇÃO CIENTÍFICA, TECNOLÓGICA, ARTÍSTICA E DOS PROJETOS DOS DOCENTES, DISCENT ES E TÉCNICOS-ADMINISTRATIVOS DO IFPR E DE SEUS GRUPOS DE PESQUISA, A PARTIR DAS BASES DA PLAT AFORMA LATTES DO CNPQ, PARA USO GERAL DOS SERVI DORES DOS CAMPI E PRÓ-REITORIAS DO IFPR;2;R$ 67.200,00;REITORIA
dez/20;PAGAMENTO DE TAXAS DIVERSAS, VIA GRU, P ARA PEDIDOS RELATIVOS AOS DEPÓSITOS DE PATENTES , REGISTRO DE MARCAS E REGISTRO DE PROGRAMA DE COMPUTADOR DO IFPR JUNTO AO INSTITUTO NACIONAL DE PROPRIEDADE INDUSTRIAL - INPI.;1;R$ 6.579,12;REITORIA
13/2020;SOLICITAÇÃO DE REGISTRO DE EMPENHO PARA O PAGAMENTO DE TAXAS DE INSCRIÇÃO NO SEMINÁRIO NACIONAL DE OBRAS PÚBLICAS E MANUTENÇÃO.;1;R$ 1.466,00;REITORIA
14/2020;SOLICITAÇÃO DE REGISTRO DE EMPENHO PARA PAGAMENTO DE TAXA DE INSCRIÇÃO PARA O EVENTO M ODELOS DE CONTRATAÇÃO E ASPECTOS RELEVANTES NA LICITAÇÃO DE SERVIÇOS DE MANUTENÇÃO PREDIAL, IN CLUINDO O USO DO SINAPI DO(A) SERVIDOR(A) CLAUD EMIRO SOARES DE OLIVEIRA E TIAGO RADASKIEVICZ C OM PREVISÃO DE EXECUÇÃO NOS DIAS 30/07/2020 E 3 1/07/2020 NA MODALIDADE A DISTÂNCIA.;1;R$ 2.580,00;REITORIA
15/2020;INSCRIÇÕES PARA O CURSO ABERTO EM GESTÃ O DO PATRIMÔNIO IMOBILIÁRIO NA ADMINISTRAÇÃO PÚ BLICA DE EMPRESA COM NOTÓRIA ESPECIALIZAÇÃO N A PRESTAÇÃO DE SERVIÇOS DE CAPACITAÇÃO DE PESSO AL - PARA ATENDER DEMANDA ESPECÍFICA DE FORMAÇ ÃO PROFISSIONAL DOS SERVIDORES DO INSTITUTO FED ERAL DO PARANÁ;1;R$ 22.470,00;REITORIA
16/2020;"SOLICITAÇÃO DE PAGAMENTO DE TAXA DE INS CRIÇÃO PARA O EVENTO TERMO DE EXECUÇÃO DESCENT RALIZADA - TED ATUALIZADO EM CONFORMIDADE COM O DECRETO N 10.426 DE 16/07/2020, E A JURISPRUD ÊNCIA DO TCU, DOS SERVIDORES: ELVIRA ALESSANDRA MARIQUITO; FÁBIO MARCELO ZAMPIERI MACHADO E T HIAGO DA COSTA FLORENCIO, COM PREVISÃO DE EXECU ÇÃO NOS DIAS 08 A 11 DE SETEMBRO DE 2020.";1;R$ 3.741,00;REITORIA
17/2020;CONTRATAÇÃO DE ASSINATURA DE SISTEMA DI GITAL MULTIUSUÁRIO (ABNT-COLEÇÃO) PARA DISPONIB ILIZAÇÃO E GERENCIAMENTO DE COLEÇÕES DE NORMAS TÉCNICAS BRASILEIRAS (NBR), MERCOSUL (NM) E ISO;2;R$ 9.778,80;REITORIA
18/2020;SOLICITAÇÃO DE REGISTRO DE EMPENHO PARA O EVENTO ESOCIAL PARA ÓRGÃOS PÚBLICOS, DOS SER VIDORES FABIANA DOS SANTOS JORGE DA SILVA, KELL Y TIMM E LUCIMARA GOMES MARTINS, COM PREVISÃO D E EXECUÇÃO NOS DIAS 23 ATÉ 25 DE SETEMBRO DE 20 20.;1;R$ 2.400,00;REITORIA
19/2020;"SOLICITAÇÃO DE REGISTRO DE EMPENHO REFE RENTE A PAGAMENTO DE TAXA DE INSCRIÇÃO PARA PAR A O CURSO DE CAPACITAÇÃO ON LINE, AO VIVO E 10 0% INTERATIVA ACERCA DO TEMA: ELABORAÇÃO E ANÁ LISE DAS PLANILHAS DE CUSTOS E FORMAÇÃO DE PREÇ OS - DE ACORDO COM A IN 05/17-SEGES-MPDG E SUAS ALTERAÇÕES E GESTÃO E FISCALIZAÇÃO DE CONTRATO S NAS LICITAÇÕES PÚBLICAS - ONLINE E AO VIVO - 100% INTERATIVO ; A SER REALIZADO NO PERÍODO DE 23 A 25 DE SETEMBRO DE 2020.";1;R$ 3.900,00;REITORIA
20/2020;SOLICITAÇÃO DE PAGAMENTO DE TAXA DE INS CRIÇÃO PARA O CURSO ALTERAÇÕES E ADITIVOS AOS CONTRATOS ADMINISTRATIVOS, DOS SERVIDORES: MIRI AN CRISTINA KNOPACKI E ELENIR FÁTIMA CANEPA CAB REIRA, COM PREVISÃO DE EXECUÇÃO NOS DIAS 19 A 2 3 DE OUTUBRO DE 2020.;1;R$ 3.042,00;REITORIA
21/2020;SOLICITAÇÃO DE REGISTRO DE EMPENHO REFE RENTE A PAGAMENTO DE TAXA DE INSCRIÇÃO PARA O C ONTRATAÇÃO DE CAPACITAÇÃO 100% ONLINE ACERCA DO TEMA: CURSO ONLINE E AO VIVO COMPRASNET 4.0: P ARA PREGOEIROS E EQUIPE DE APOIO DA PROAD.;1;R$ 1.600,00;REITORIA
22/2020;"SOLICITAÇÃO DE PAGAMENTO DE TAXA DE INS CRIÇÃO NO CURSO DE ENGENHARIA DE AVALIAÇÕES IMO BILIÁRIAS - MÓDULO BÁSICO. DESTINADO AOS SERVID ORES TIAGO RADASKIEVICZ; ALVARO MASSAHARU KOMIY A E PIERRE LUÍS ALVES DA DIRETORIA DE INFRAESTR UTURA - DI. O CURSO SERÁ REALIZADO DE FORMA ONL INE, NO PERÍODO DE 13/10 A 13/11/2020.";1;R$ 3.060,00;REITORIA
23/2020;"SOLICITAÇÃO DE REGISTRO DE EMPENHO REFE RENTE A PAGAMENTO DE TAXA DE INSCRIÇÃO PARA O C URSO ON LINE DE FOLHA DE PAGAMENTO NO SIAFI TEO RIA E PRÁTICA; A SER REALIZADO NO PERÍODO DE 19 A 23 E 26/10/2020";1;R$ 4.197,00;REITORIA
24/2020;SOLICITAÇÃO DE PAGAMENTO DE TAXA DE INS CRIÇÃO PARA O CURSO FOLHA DE PAGAMENTO APLICADA AO SISTEMA SIAPE, OFERTADO PELA EMPRESA PRIORI TREINAMENTO E APERFEIÇOAMENTO, À SERVIDORA SU ZAN KEIKO MIDORIKAWA COM PREVISÃO DE REALIZAÇÃO NO PERÍODO DE 09/11/2020 A 13/11/2020.;1;R$ 1.280,00;REITORIA
25/2020;SOLICITAÇÃO DE REGISTRO DE EMPENHO REFE RENTE A PAGAMENTO DE TAXA DE INSCRIÇÃO PARA O CURSO ONLINE AO VIVO: EXTRATOR DE DADOS E DATA WAREHOUSE SIAPE NA DATA 30/11/2020 A 02/12/2020 . SOLICITAÇÃO DE REGISTRO DE EMPENHO REFERENTE A PAGAMENTO DE TAXA DE INSCRIÇÃO PARA O CURSO ONLINE AO VIVO: EXTRATOR DE DADOS E DATA WAREHO USE SIAPE NA DATA 30/11/2020 A 02/12/2020.;1;R$ 1.250,00;REITORIA
26/2020;Pagamento de taxa de anuidade ao Fórum Nacional de Gestores de Inovação ;1;R$ 1.700,00;REITORIA
27/2020;Pagamento de taxa de anuidade da Associação Nacional de Entidades Promotoras de Empreendimentos;1;R$ 905,00;REITORIA
28/2020;Pagamento de taxa de anuidade do Conselho Paranaense de Pró-Reitores de Pesquisa e Pós-Graduação ;1;R$ 3.000,16;REITORIA
34/2020;Solicitação de registro de empenho referente a pagamento de taxa de inscrição;1;R$ 1.499,00;REITORIA
jan/20;Estimativa de despesas com fornecimento de Água tratada para o Campus Avançado Astorga, do Instituto Federal do Paraná, para o Exercício de 2020.;1;R$ 6.600,00;LONDRINA
mai/20;Pagamento de custas e emolumentos ao serviço de registro da escritura do terreno do Instituto Federal do Paraná – Campus Londrina, localizado na Rua João XXIII, 600, Bairro Judith.;1;R$ 979,73;LONDRINA
20/2020;Aquisição de Kit (1500) para detecção de anticorpos IgG para SARS-CoV-2 e Aquisição de Kit (500 testes)para detecção de anticorpos IgM para SARS-CoV-2    ;2;R$ 63.550,00;LONDRINA
30/2020;Estimativa de despesa com fornecimento de água tratada para o Campus Avançado Astorga, do Instituto Federal do Paraná, para o exercício de 2021.;1;R$ 6.600,00;LONDRINA
36/2020;Contratação de Fornecimento de Serviços de Água e Esgoto.;1;R$ 13.200,00;LONDRINA
jan/20;Contratação direta para atender despesas com fornecimento de água e tratamento de esgoto para o IFPR - Campus Assis  Chateaubriand, exercício 2020.;1;R$ 17.000,00;ASSIS CHATEAUBRIAND
jan/20;Para atender as despesas com água e esgoto no IFPR - Campus Campo Largo no ano de 2021;1;R$ 26.400,00;CAMPO LARGO
jan/20;Estimativa de consumo para atender despesas com fornecimento de água e esgoto do Instituto Federal do Paraná Campus Avançado Quedas do Iguaçu para o exercício 2020.;1;R$ 960,00;CASCAVEL
fev/20;Estimativa de despesa com fornecimento de água e esgoto para o IFPR Campus Cascavel para o exercício de 2021.;1;R$ 12.000,00;CASCAVEL
mar/20;Estimativa de despesa para fornecimento de água e esgoto para o IFPR Campus Avançado Quedas do Iguaçu para o exercício de 2021.;1;R$ 960,00;CASCAVEL
jan/20;Contratação de Serviços de Fornecimento de aguá Tratada para o Campus Avançado Coronel Vivida - Exercício 2020;1;R$ 9.000,00;PALMAS
fev/20;Manutenção e Calibração ESPECTROFOTÔMETRO DE ABSORÇÃO ATÔMICA GBC – Equipamentos e Material Permanente;1;R$ 8.200,00;PALMAS
mar/20;Pagamento de Taxa de Inscrição para o licitação de Pagamento de Taxa de Inscrição para o evento 14º Pregão Week - Semana Nacional de Estudos Avançados sobre Pregão.;1;R$ 2.700,00;PALMAS
abr/20;Aquisição do módulo Sagres Diário Licença.;1;R$ 52.800,00;PALMAS
mai/20;Treinamento inicial completo do módulo Sagres Diário.;1;R$ 25.100,00;PALMAS
jun/20;Manutenção mensal do módulo Sagres Diário;1;R$ 31.224,00;PALMAS
jul/20;Aquisição de software de simulação gerencial;1;R$ 11.846,52;PALMAS
jan/20;Evento de capacitação do(a) servidor(a) RICELE GONÇALVES AGRA, SIAPE 1310597, ocupante do cargo efetivo de  ADMINISTRADOR em exercício na(o) CAMPUS CURITIBA, para participação no(a) CURSO LICITAÇÃO, CONTRATAÇÃO DIRETA, PREGÃO E SRP que será realizado(a) nos dias 14/04/2020 a 17/04/2020;1;R$ 3.690,00;CURITIBA
fev/20;Participação do servidor(a) ADRIANO STADLER, no curso:  XI EGEPE - ENCONTRO DE ESTUDOS SOBRE EMPREENDEDORISMO E GESTÃO DE PEQUENAS EMPRESAS, que será realizado nos dias 25/03/2020 à 27/03/2020 em Belo Horizonte - MG.;1;R$ 730,00;CURITIBA
out/20;Evento de capacitação sobre Reequilíbrio Econômico-Financeiro dos Contratos Administrativos Repactuação, Reajuste e Revisão;1;R$ 1.290,00;CURITIBA
30/2020;Atender despesas com inscrição do servidor no evento : Revisão e Repactuação de Preços à Luz do Princípio da Preservação do Equilíbrio Econômico Financeiro nos Contratos Administrativos com Ênfase nas Alterações Unilaterais do Contrato, que será realizado nos dias 16/11/2020 a 19/11/2020. ;1;R$ 1.290,00;CURITIBA
31/2020;Aquisição de Microscópio Biológico modelo BX43F, para atendimento de demandas do projeto Laboratório de Ecologia e Conservação da Biodiversidade: um estímulo ao desenvolvimento científico e tecnológico do IFPR, desenvolvido pelo Campus Curitiba em parceria com o Campus Pinhais do Instituto Federal do Paraná.;1;R$ 96.948,74;CURITIBA
32/2020;Serviço de abastecimento de água e coleta de esgoto pela SANEPAR ao Campus Curitiba, para atendimento das necessidades da unidade durante o exercício de 2021.;1;R$ 48.000,00;CURITIBA
19/2020;CONTRATAÇÃO DE SERVIÇO DE FORNECIMENTO DE ÁGUA TRATADA PARA O EXERCÍCIO 2021 - IFPR - Campus Umuarama;1;R$ 18.000,00;UMUARAMA
jan/20;Serviços de fornecimento de água e coleta de esgoto para o IFPR Campus Irati, no exercício de 2020.;1;R$ 39.600,00;IRATI
jan/20;Contratação de pessoa jurídica especializada na prestação de serviço de fornecimento de água e coleta de esgoto, para atender a demanda do IFPR - Campus Jacarezinho no exercício 2021.;1;R$ 15.600,00;JACAREZINHO
17/2020;Contratação de serviços de fornecimento de água e esgoto para o IFPR - Campus Paranaguá para o exercício de 2021.;1;R$ 80.000,00;PARANAGUÁ
fev/20;Fornecimento de água e coleta de esgoto.;1;R$ 50.000,00;PARANAVAÍ
ago/20;Contratação de serviços de fornecimento de água e esgoto - Complementação para 2020 - Campus Pinhais.;1;R$ 6.000,00;PINHAIS
21/2020;Pagamento de taxa de inscrição em eventos de capacitação - Curso: Planejamento e Gestão do Patrimônio Público, as NBCASP e o Desfazimento de Bens, 100% online e ao vivo.;1;R$ 1.290,00;PINHAIS
jan/20;Contratação de Serviços de Fornecimento de Água e Esgoto para o IFPR Campus Pitanga.;1;R$ 24.000,00;PITANGA
